event_id,slug,match,start_time_utc,team_a,team_b,predicted_outcome,predicted_trade,contract_outcome,contract_side,market_id,market_question,polymarket_price_x,backtest_accuracy_p,expected_value,expected_value_simplified,profit_if_win_per_share,loss_if_lose_per_share,full_kelly_fraction,deploy_fraction,deploy_amount,max_loss,profit_if_win,rating_edge,abs_rating_edge,rating_edge_bin,team_a_win_probability,draw_probability,team_b_win_probability,team_a_loss_probability,no_draw_probability,team_b_loss_probability,model_pick_3way,market_pick_3way,best_bid,best_ask,recommended
351724,fifwc-nld-jpn-2026-06-14,Netherlands vs. Japan,2026-06-14T20:00:00Z,Netherlands,Japan,no_draw,Draw NO,Draw,NO,1897062,Will Netherlands vs. Japan end in a draw?,0.725,0.824176,0.099176,0.099176,0.275,-0.725,0.360639,0.09016,90.16,90.16,34.2,0.01248,0.01248,0.00-0.03,0.42522,0.213242,0.361538,0.57478,0.786758,0.638462,Netherlands,Netherlands,0.27,0.28,YES
351725,fifwc-civ-ecu-2026-06-14,Côte d'Ivoire vs. Ecuador,2026-06-14T23:00:00Z,Ivory Coast,Ecuador,team_a_loss,Ivory Coast NO,Ivory Coast,NO,1897064,Will Côte d'Ivoire win on 2026-06-14?,0.705,0.824176,0.119176,0.119176,0.295,-0.705,0.403986,0.100996,101.0,101.0,42.26,-0.14872,0.14872,0.10-0.15,0.107209,0.151688,0.741103,0.892791,0.848312,0.258897,Ecuador,Ecuador,0.29,0.3,YES
351726,fifwc-swe-tun-2026-06-14,Sweden vs. Tunisia,2026-06-15T02:00:00Z,Sweden,Tunisia,team_b_loss,Tunisia NO,Tunisia,NO,1897069,Will Tunisia win on 2026-06-14?,0.785,0.824176,0.039176,0.039176,0.215,-0.785,0.182213,0.045553,45.55,45.55,12.48,0.105065,0.105065,0.10-0.15,0.66192,0.16918,0.1689,0.33808,0.83082,0.8311,Sweden,Sweden,0.21,0.22,YES
351727,fifwc-esp-cvi-2026-06-15,Spain vs. Cabo Verde,2026-06-15T16:00:00Z,Spain,Cape Verde,team_b_loss,Cape Verde NO,Cape Verde,NO,1897072,Will Cabo Verde win on 2026-06-15?,0.9665,0.824176,-0.142324,-0.142324,0.0335,-0.9665,0.0,0,0.0,0.0,0.0,0.625457,0.625457,0.35+,0.939723,0.06,0.000277,0.060277,0.94,0.999723,Spain,Spain,0.033,0.034,PASS
351728,fifwc-bel-egy-2026-06-15,Belgium vs. Egypt,2026-06-15T19:00:00Z,Belgium,Egypt,team_b_loss,Egypt NO,Egypt,NO,1897075,Will Egypt win on 2026-06-15?,0.835,0.824176,-0.010824,-0.010824,0.165,-0.835,0.0,0,0.0,0.0,0.0,0.144728,0.144728,0.10-0.15,0.734827,0.15321,0.111963,0.265173,0.84679,0.888037,Belgium,Belgium,0.16,0.17,PASS
351729,fifwc-ksa-ury-2026-06-15,Saudi Arabia vs. Uruguay,2026-06-15T22:00:00Z,Saudi Arabia,Uruguay,team_a_loss,Saudi Arabia NO,Saudi Arabia,NO,1897076,Will Saudi Arabia win on 2026-06-15?,0.885,0.824176,-0.060824,-0.060824,0.115,-0.885,0.0,0,0.0,0.0,0.0,-0.10569,0.10569,0.10-0.15,0.167861,0.168916,0.663223,0.832139,0.831084,0.336777,Uruguay,Uruguay,0.11,0.12,PASS
351730,fifwc-irn-nzl-2026-06-15,IR Iran vs. New Zealand,2026-06-16T01:00:00Z,Iran,New Zealand,team_b_loss,New Zealand NO,New Zealand,NO,1897081,Will New Zealand win on 2026-06-15?,0.795,0.824176,0.029176,0.029176,0.205,-0.795,0.142321,0.03558,35.58,35.58,9.17,0.146621,0.146621,0.10-0.15,0.737826,0.152486,0.109688,0.262174,0.847514,0.890312,Iran,Iran,0.2,0.21,YES
351731,fifwc-fra-sen-2026-06-16,France vs. Senegal,2026-06-16T19:00:00Z,France,Senegal,team_b_loss,Senegal NO,Senegal,NO,1897084,Will Senegal win on 2026-06-16?,0.875,0.824176,-0.050824,-0.050824,0.125,-0.875,0.0,0,0.0,0.0,0.0,0.418085,0.418085,0.35+,0.918638,0.077356,0.004006,0.081362,0.922644,0.995994,France,France,0.12,0.13,PASS
351732,fifwc-irq-nor-2026-06-16,Iraq vs. Norway,2026-06-16T22:00:00Z,Iraq,Norway,team_a_loss,Iraq NO,Iraq,NO,1897085,Will Iraq win on 2026-06-16?,0.945,0.824176,-0.120824,-0.120824,0.055,-0.945,0.0,0,0.0,0.0,0.0,-0.155404,0.155404,0.15-0.22,0.099626,0.149175,0.7512,0.900374,0.850825,0.2488,Norway,Norway,0.05,0.06,PASS
351733,fifwc-arg-alg-2026-06-16,Argentina vs. Algeria,2026-06-17T01:00:00Z,Argentina,Algeria,team_b_loss,Algeria NO,Algeria,NO,1897090,Will Algeria win on 2026-06-16?,0.905,0.824176,-0.080824,-0.080824,0.095,-0.905,0.0,0,0.0,0.0,0.0,0.441151,0.441151,0.35+,0.923993,0.073021,0.002985,0.076007,0.926979,0.997015,Argentina,Argentina,0.09,0.1,PASS
351734,fifwc-aut-jor-2026-06-17,Austria vs. Jordan,2026-06-17T04:00:00Z,Austria,Jordan,team_b_loss,Jordan NO,Jordan,NO,1897093,Will Jordan win on 2026-06-17?,0.895,0.824176,-0.070824,-0.070824,0.105,-0.895,0.0,0,0.0,0.0,0.0,0.214488,0.214488,0.15-0.22,0.820811,0.12869,0.050499,0.179189,0.87131,0.949501,Austria,Austria,0.1,0.11,PASS
351735,fifwc-prt-cdr-2026-06-17,Portugal vs. DR Congo,2026-06-17T17:00:00Z,Portugal,Congo DR,team_b_loss,Congo DR NO,Congo DR,NO,1897096,Will DR Congo win on 2026-06-17?,0.925,0.824176,-0.100824,-0.100824,0.075,-0.925,0.0,0,0.0,0.0,0.0,0.456988,0.456988,0.35+,0.927374,0.070187,0.002439,0.072626,0.929813,0.997561,Portugal,Portugal,0.07,0.08,PASS
351736,fifwc-eng-hrv-2026-06-17,England vs. Croatia,2026-06-17T20:00:00Z,England,Croatia,team_b_loss,Croatia NO,Croatia,NO,1897099,Will Croatia win on 2026-06-17?,0.815,0.824176,0.009176,0.009176,0.185,-0.815,0.049599,0.0124,12.4,12.4,2.81,0.15894,0.15894,0.15-0.22,0.756338,0.147862,0.095801,0.243662,0.852138,0.904199,England,England,0.18,0.19,YES
351737,fifwc-gha-pan-2026-06-17,Ghana vs. Panama,2026-06-17T23:00:00Z,Ghana,Panama,team_a_loss,Ghana NO,Ghana,NO,1897100,Will Ghana win on 2026-06-17?,0.565,0.824176,0.259176,0.259176,0.435,-0.565,0.595806,0.148952,148.95,148.95,114.68,-0.144371,0.144371,0.10-0.15,0.112397,0.153347,0.734257,0.887603,0.846653,0.265743,Panama,Ghana,0.43,0.44,YES
351738,fifwc-uzb-col-2026-06-17,Uzbekistan vs. Colombia,2026-06-18T02:00:00Z,Uzbekistan,Colombia,team_a_loss,Uzbekistan NO,Uzbekistan,NO,1897103,Will Uzbekistan win on 2026-06-17?,0.905,0.824176,-0.080824,-0.080824,0.095,-0.905,0.0,0,0.0,0.0,0.0,-0.241903,0.241903,0.22-0.35,0.036336,0.120165,0.843498,0.963664,0.879835,0.156502,Colombia,Colombia,0.09,0.1,PASS
351739,fifwc-cze-rsa-2026-06-18,Czechia vs. South Africa,2026-06-18T16:00:00Z,Czech Republic,South Africa,team_b_loss,South Africa NO,South Africa,NO,1897108,Will South Africa win on 2026-06-18?,0.795,0.824176,0.029176,0.029176,0.205,-0.795,0.142321,0.03558,35.58,35.58,9.17,0.115693,0.115693,0.10-0.15,0.683382,0.164745,0.151874,0.316618,0.835255,0.848126,Czech Republic,Czech Republic,0.2,0.21,YES
351740,fifwc-che-bih-2026-06-18,Switzerland vs. Bosnia-Herzegovina,2026-06-18T19:00:00Z,Switzerland,Bosnia and Herzegovina,team_b_loss,Bosnia and Herzegovina NO,Bosnia and Herzegovina,NO,1897111,Will Bosnia and Herzegovina win on 2026-06-18?,0.845,0.824176,-0.020824,-0.020824,0.155,-0.845,0.0,0,0.0,0.0,0.0,0.256952,0.256952,0.22-0.35,0.854019,0.115729,0.030253,0.145981,0.884271,0.969747,Switzerland,Switzerland,0.15,0.16,PASS
351741,fifwc-can-qat-2026-06-18,Canada vs. Qatar,2026-06-18T22:00:00Z,Canada,Qatar,team_b_loss,Qatar NO,Qatar,NO,1897114,Will Qatar win on 2026-06-18?,0.925,0.824176,-0.100824,-0.100824,0.075,-0.925,0.0,0,0.0,0.0,0.0,0.166358,0.166358,0.15-0.22,0.766673,0.145145,0.088182,0.233327,0.854855,0.911818,Canada,Canada,0.07,0.08,PASS
351742,fifwc-mex-kr-2026-06-18,Mexico vs. Korea Republic,2026-06-19T01:00:00Z,Mexico,South Korea,no_draw,Draw NO,Draw,NO,1897116,Will Mexico vs. Korea Republic end in a draw?,0.715,0.824176,0.109176,0.109176,0.285,-0.715,0.383073,0.095768,95.77,95.77,38.17,0.007679,0.007679,0.00-0.03,0.411647,0.215817,0.372536,0.588353,0.784183,0.627464,Mexico,Mexico,0.28,0.29,YES
351743,fifwc-usa-aus-2026-06-19,United States vs. Australia,2026-06-19T19:00:00Z,United States,Australia,no_draw,Draw NO,Draw,NO,1897119,Will United States vs. Australia end in a draw?,0.785,0.824176,0.039176,0.039176,0.215,-0.785,0.182213,0.045553,45.55,45.55,12.48,0.04566,0.04566,0.03-0.06,0.517755,0.196267,0.285978,0.482245,0.803733,0.714022,United States,United States,0.21,0.22,YES
351744,fifwc-sco-mar-2026-06-19,Scotland vs. Morocco,2026-06-19T22:00:00Z,Scotland,Morocco,no_draw,Draw NO,Draw,NO,1897122,Will Scotland vs. Morocco end in a draw?,0.745,0.824176,0.079176,0.079176,0.255,-0.745,0.310493,0.077623,77.62,77.62,26.57,-0.086333,0.086333,0.06-0.10,0.202041,0.177292,0.620668,0.797959,0.822708,0.379332,Morocco,Morocco,0.25,0.26,YES
351745,fifwc-bra-hai-2026-06-19,Brazil vs. Haiti,2026-06-20T00:30:00Z,Brazil,Haiti,team_b_loss,Haiti NO,Haiti,NO,1897126,Will Haiti win on 2026-06-19?,0.9615,0.824176,-0.137324,-0.137324,0.0385,-0.9615,0.0,0,0.0,0.0,0.0,0.533711,0.533711,0.35+,0.939089,0.06,0.000911,0.060911,0.94,0.999089,Brazil,Brazil,0.038,0.039,PASS
351746,fifwc-tur-par-2026-06-19,Türkiye vs. Paraguay,2026-06-20T03:00:00Z,Turkey,Paraguay,team_b_loss,Paraguay NO,Paraguay,NO,1897133,Will Paraguay win on 2026-06-19?,0.765,0.824176,0.059176,0.059176,0.235,-0.765,0.251812,0.062953,62.95,62.95,19.34,0.15383,0.15383,0.15-0.22,0.748868,0.149763,0.10137,0.251132,0.850237,0.89863,Turkey,Turkey,0.23,0.24,YES
351747,fifwc-nld-swe-2026-06-20,Netherlands vs. Sweden,2026-06-20T17:00:00Z,Netherlands,Sweden,team_b_loss,Sweden NO,Sweden,NO,1897146,Will Sweden win on 2026-06-20?,0.825,0.824176,-0.000824,-0.000824,0.175,-0.825,0.0,0,0.0,0.0,0.0,0.223072,0.223072,0.22-0.35,0.828455,0.125958,0.045587,0.171545,0.874042,0.954413,Netherlands,Netherlands,0.17,0.18,PASS
351748,fifwc-ger-civ-2026-06-20,Germany vs. Côte d'Ivoire,2026-06-20T20:00:00Z,Germany,Ivory Coast,team_b_loss,Ivory Coast NO,Ivory Coast,NO,1897149,Will Côte d'Ivoire win on 2026-06-20?,0.835,0.824176,-0.010824,-0.010824,0.165,-0.835,0.0,0,0.0,0.0,0.0,0.322027,0.322027,0.22-0.35,0.888146,0.098353,0.013501,0.111854,0.901647,0.986499,Germany,Germany,0.16,0.17,PASS
351749,fifwc-ecu-kor-2026-06-20,Ecuador vs. Curaçao,2026-06-21T00:00:00Z,Ecuador,Curaçao,team_b_loss,Curaçao NO,Curaçao,NO,1897152,Will Curaçao win on 2026-06-20?,0.9485,0.824176,-0.124324,-0.124324,0.0515,-0.9485,0.0,0,0.0,0.0,0.0,0.331817,0.331817,0.22-0.35,0.892085,0.095975,0.01194,0.107915,0.904025,0.98806,Ecuador,Ecuador,0.05,0.053,PASS
351750,fifwc-tun-jpn-2026-06-21,Tunisia vs. Japan,2026-06-21T04:00:00Z,Tunisia,Japan,team_a_loss,Tunisia NO,Tunisia,NO,1897153,Will Tunisia win on 2026-06-21?,0.845,0.824176,-0.020824,-0.020824,0.155,-0.845,0.0,0,0.0,0.0,0.0,-0.315657,0.315657,0.22-0.35,0.014622,0.099932,0.885446,0.985378,0.900068,0.114554,Japan,Japan,0.15,0.16,PASS
351751,fifwc-esp-ksa-2026-06-21,Spain vs. Saudi Arabia,2026-06-21T16:00:00Z,Spain,Saudi Arabia,team_b_loss,Saudi Arabia NO,Saudi Arabia,NO,1897163,Will Saudi Arabia win on 2026-06-21?,0.963,0.824176,-0.138824,-0.138824,0.037,-0.963,0.0,0,0.0,0.0,0.0,0.449734,0.449734,0.35+,0.925853,0.071471,0.002676,0.074147,0.928529,0.997324,Spain,Spain,0.036,0.038,PASS
351752,fifwc-bel-irn-2026-06-21,Belgium vs. IR Iran,2026-06-21T19:00:00Z,Belgium,Iran,no_draw,Draw NO,Draw,NO,1897171,Will Belgium vs. IR Iran end in a draw?,0.805,0.824176,0.019176,0.019176,0.195,-0.805,0.098338,0.024584,24.58,24.58,5.96,0.09106,0.09106,0.06-0.10,0.631483,0.175208,0.193308,0.368517,0.824792,0.806692,Belgium,Belgium,0.19,0.2,YES
351753,fifwc-ury-cvi-2026-06-21,Uruguay vs. Cabo Verde,2026-06-21T22:00:00Z,Uruguay,Cape Verde,team_b_loss,Cape Verde NO,Cape Verde,NO,1897181,Will Cabo Verde win on 2026-06-21?,0.885,0.824176,-0.060824,-0.060824,0.115,-0.885,0.0,0,0.0,0.0,0.0,0.281413,0.281413,0.22-0.35,0.868745,0.108863,0.022391,0.131255,0.891137,0.977609,Uruguay,Uruguay,0.11,0.12,PASS
351754,fifwc-nzl-egy-2026-06-21,New Zealand vs. Egypt,2026-06-22T01:00:00Z,New Zealand,Egypt,no_draw,Draw NO,Draw,NO,1897187,Will New Zealand vs. Egypt end in a draw?,0.745,0.824176,0.079176,0.079176,0.255,-0.745,0.310493,0.077623,77.62,77.62,26.57,-0.092953,0.092953,0.06-0.10,0.18988,0.174381,0.635739,0.81012,0.825619,0.364261,Egypt,Egypt,0.25,0.26,YES
351755,fifwc-arg-aut-2026-06-22,Argentina vs. Austria,2026-06-22T17:00:00Z,Argentina,Austria,team_b_loss,Austria NO,Austria,NO,1897197,Will Austria win on 2026-06-22?,0.845,0.824176,-0.020824,-0.020824,0.155,-0.845,0.0,0,0.0,0.0,0.0,0.38329,0.38329,0.35+,0.90938,0.084386,0.006234,0.09062,0.915614,0.993766,Argentina,Argentina,0.15,0.16,PASS
351756,fifwc-fra-irq-2026-06-22,France vs. Iraq,2026-06-22T21:00:00Z,France,Iraq,team_b_loss,Iraq NO,Iraq,NO,1897206,Will Iraq win on 2026-06-22?,0.9625,0.824176,-0.138324,-0.138324,0.0375,-0.9625,0.0,0,0.0,0.0,0.0,0.44228,0.44228,0.35+,0.924242,0.072815,0.002943,0.075758,0.927185,0.997057,France,France,0.037,0.038,PASS
351757,fifwc-nor-sen-2026-06-22,Norway vs. Senegal,2026-06-23T00:00:00Z,Norway,Senegal,team_b_loss,Senegal NO,Senegal,NO,1897213,Will Senegal win on 2026-06-22?,0.715,0.824176,0.109176,0.109176,0.285,-0.715,0.383073,0.095768,95.77,95.77,38.17,0.131209,0.131209,0.10-0.15,0.712165,0.158476,0.129359,0.287835,0.841524,0.870641,Norway,Norway,0.28,0.29,YES
351758,fifwc-jor-alg-2026-06-22,Jordan vs. Algeria,2026-06-23T03:00:00Z,Jordan,Algeria,team_a_loss,Jordan NO,Jordan,NO,1897218,Will Jordan win on 2026-06-22?,0.875,0.824176,-0.050824,-0.050824,0.125,-0.875,0.0,0,0.0,0.0,0.0,-0.156627,0.156627,0.15-0.22,0.098288,0.148719,0.752992,0.901712,0.851281,0.247008,Algeria,Algeria,0.12,0.13,PASS
351759,fifwc-prt-uzb-2026-06-23,Portugal vs. Uzbekistan,2026-06-23T17:00:00Z,Portugal,Uzbekistan,team_b_loss,Uzbekistan NO,Uzbekistan,NO,1897231,Will Uzbekistan win on 2026-06-23?,0.925,0.824176,-0.100824,-0.100824,0.075,-0.925,0.0,0,0.0,0.0,0.0,0.322152,0.322152,0.22-0.35,0.888198,0.098322,0.01348,0.111802,0.901678,0.98652,Portugal,Portugal,0.07,0.08,PASS
351760,fifwc-eng-gha-2026-06-23,England vs. Ghana,2026-06-23T20:00:00Z,England,Ghana,team_b_loss,Ghana NO,Ghana,NO,1897240,Will Ghana win on 2026-06-23?,0.905,0.824176,-0.080824,-0.080824,0.095,-0.905,0.0,0,0.0,0.0,0.0,0.470968,0.470968,0.35+,0.930184,0.067776,0.00204,0.069816,0.932224,0.99796,England,England,0.09,0.1,PASS
351761,fifwc-pan-hrv-2026-06-23,Panama vs. Croatia,2026-06-23T23:00:00Z,Panama,Croatia,team_a_loss,Panama NO,Panama,NO,1897246,Will Panama win on 2026-06-23?,0.855,0.824176,-0.030824,-0.030824,0.145,-0.855,0.0,0,0.0,0.0,0.0,-0.167657,0.167657,0.15-0.22,0.086903,0.144674,0.768422,0.913097,0.855326,0.231578,Croatia,Croatia,0.14,0.15,PASS
351762,fifwc-col-cdr-2026-06-23,Colombia vs. DR Congo,2026-06-24T02:00:00Z,Colombia,Congo DR,team_b_loss,Congo DR NO,Congo DR,NO,1897256,Will DR Congo win on 2026-06-23?,0.875,0.824176,-0.050824,-0.050824,0.125,-0.875,0.0,0,0.0,0.0,0.0,0.376739,0.376739,0.35+,0.907447,0.08578,0.006774,0.092553,0.91422,0.993226,Colombia,Colombia,0.12,0.13,PASS
351763,fifwc-che-can-2026-06-24,Switzerland vs. Canada,2026-06-24T19:00:00Z,Switzerland,Canada,no_draw,Draw NO,Draw,NO,1897265,Will Switzerland vs. Canada end in a draw?,0.715,0.824176,0.109176,0.109176,0.285,-0.715,0.383073,0.095768,95.77,95.77,38.17,0.038378,0.038378,0.03-0.06,0.497843,0.199873,0.302284,0.502157,0.800127,0.697716,Switzerland,Switzerland,0.28,0.29,YES
351764,fifwc-bih-qat-2026-06-24,Bosnia-Herzegovina vs. Qatar,2026-06-24T19:00:00Z,Bosnia and Herzegovina,Qatar,no_draw,Draw NO,Draw,NO,1897273,Will Bosnia and Herzegovina vs. Qatar end in a draw?,0.775,0.824176,0.049176,0.049176,0.225,-0.775,0.218559,0.05464,54.64,54.64,15.86,-0.052215,0.052215,0.03-0.06,0.271554,0.193077,0.535369,0.728446,0.806923,0.464631,Qatar,Bosnia and Herzegovina,0.22,0.23,YES
351765,fifwc-mar-hai-2026-06-24,Morocco vs. Haiti,2026-06-24T22:00:00Z,Morocco,Haiti,team_b_loss,Haiti NO,Haiti,NO,1897281,Will Haiti win on 2026-06-24?,0.905,0.824176,-0.080824,-0.080824,0.095,-0.905,0.0,0,0.0,0.0,0.0,0.343048,0.343048,0.22-0.35,0.896315,0.093317,0.010367,0.103685,0.906683,0.989633,Morocco,Morocco,0.09,0.1,PASS
351766,fifwc-sco-bra-2026-06-24,Scotland vs. Brazil,2026-06-24T22:00:00Z,Scotland,Brazil,team_a_loss,Scotland NO,Scotland,NO,1897286,Will Scotland win on 2026-06-24?,0.855,0.824176,-0.030824,-0.030824,0.145,-0.855,0.0,0,0.0,0.0,0.0,-0.276996,0.276996,0.22-0.35,0.023648,0.110072,0.86628,0.976352,0.889928,0.13372,Brazil,Brazil,0.14,0.15,PASS
351767,fifwc-cze-mex-2026-06-24,Czechia vs. Mexico,2026-06-25T01:00:00Z,Czech Republic,Mexico,team_a_loss,Czech Republic NO,Czech Republic,NO,1897296,Will Czechia win on 2026-06-24?,0.805,0.824176,0.019176,0.019176,0.195,-0.805,0.098338,0.024584,24.58,24.58,5.96,-0.115221,0.115221,0.10-0.15,0.152602,0.164939,0.682459,0.847398,0.835061,0.317541,Mexico,Mexico,0.19,0.2,YES
351768,fifwc-rsa-kr-2026-06-24,South Africa vs. Korea Republic,2026-06-25T01:00:00Z,South Africa,South Korea,team_a_loss,South Africa NO,South Africa,NO,1897303,Will South Africa win on 2026-06-24?,0.845,0.824176,-0.020824,-0.020824,0.155,-0.845,0.0,0,0.0,0.0,0.0,-0.223234,0.223234,0.22-0.35,0.045499,0.125907,0.828594,0.954501,0.874093,0.171406,South Korea,South Korea,0.15,0.16,PASS
351769,fifwc-ecu-ger-2026-06-25,Ecuador vs. Germany,2026-06-25T20:00:00Z,Ecuador,Germany,team_a_loss,Ecuador NO,Ecuador,NO,1897311,Will Ecuador win on 2026-06-25?,0.795,0.824176,0.029176,0.029176,0.205,-0.795,0.142321,0.03558,35.58,35.58,9.17,-0.173307,0.173307,0.15-0.22,0.081527,0.142645,0.775828,0.918473,0.857355,0.224172,Germany,Germany,0.2,0.21,YES
351770,fifwc-kor-civ-2026-06-25,Curaçao vs. Côte d'Ivoire,2026-06-25T20:00:00Z,Curaçao,Ivory Coast,team_a_loss,Curaçao NO,Curaçao,NO,1897320,Will Curaçao win on 2026-06-25?,0.925,0.824176,-0.100824,-0.100824,0.075,-0.925,0.0,0,0.0,0.0,0.0,-0.183097,0.183097,0.15-0.22,0.072901,0.139196,0.787902,0.927099,0.860804,0.212098,Ivory Coast,Ivory Coast,0.07,0.08,PASS
351771,fifwc-jpn-swe-2026-06-25,Japan vs. Sweden,2026-06-25T23:00:00Z,Japan,Sweden,team_b_loss,Sweden NO,Sweden,NO,1897331,Will Sweden win on 2026-06-25?,0.735,0.824176,0.089176,0.089176,0.265,-0.735,0.336513,0.084128,84.13,84.13,30.33,0.210592,0.210592,0.15-0.22,0.817164,0.12995,0.052886,0.182836,0.87005,0.947114,Japan,Japan,0.26,0.27,YES
351772,fifwc-tun-nld-2026-06-25,Tunisia vs. Netherlands,2026-06-25T23:00:00Z,Tunisia,Netherlands,team_a_loss,Tunisia NO,Tunisia,NO,1897336,Will Tunisia win on 2026-06-25?,0.865,0.824176,-0.040824,-0.040824,0.135,-0.865,0.0,0,0.0,0.0,0.0,-0.328137,0.328137,0.22-0.35,0.012505,0.096862,0.890633,0.987495,0.903138,0.109367,Netherlands,Netherlands,0.13,0.14,PASS
351773,fifwc-par-aus-2026-06-25,Paraguay vs. Australia,2026-06-26T02:00:00Z,Paraguay,Australia,no_draw,Draw NO,Draw,NO,1897347,Will Paraguay vs. Australia end in a draw?,0.705,0.824176,0.119176,0.119176,0.295,-0.705,0.403986,0.100996,101.0,101.0,42.26,-0.090663,0.090663,0.06-0.10,0.194033,0.175383,0.630585,0.805967,0.824617,0.369415,Australia,Paraguay,0.29,0.3,YES
351774,fifwc-tur-usa-2026-06-25,Türkiye vs. United States,2026-06-26T02:00:00Z,Turkey,United States,no_draw,Draw NO,Draw,NO,1897355,Will Türkiye vs. United States end in a draw?,0.745,0.824176,0.079176,0.079176,0.255,-0.745,0.310493,0.077623,77.62,77.62,26.57,0.017506,0.017506,0.00-0.03,0.439432,0.210579,0.349989,0.560568,0.789421,0.650011,Turkey,United States,0.25,0.26,YES
351775,fifwc-nor-fra-2026-06-26,Norway vs. France,2026-06-26T19:00:00Z,Norway,France,team_a_loss,Norway NO,Norway,NO,1897363,Will Norway win on 2026-06-26?,0.78,0.824176,0.044176,0.044176,0.22,-0.78,0.200799,0.0502,50.2,50.2,14.16,-0.286876,0.286876,0.22-0.35,0.020927,0.107387,0.871686,0.979073,0.892613,0.128314,France,France,0.21,0.23,YES
351776,fifwc-sen-irq-2026-06-26,Senegal vs. Iraq,2026-06-26T19:00:00Z,Senegal,Iraq,no_draw,Draw NO,Draw,NO,1897373,Will Senegal vs. Iraq end in a draw?,0.795,0.824176,0.029176,0.029176,0.205,-0.795,0.142321,0.03558,35.58,35.58,9.17,0.024195,0.024195,0.00-0.03,0.458297,0.207087,0.334616,0.541703,0.792913,0.665384,Senegal,Senegal,0.2,0.21,YES
351777,fifwc-cvi-ksa-2026-06-26,Cabo Verde vs. Saudi Arabia,2026-06-27T00:00:00Z,Cape Verde,Saudi Arabia,team_a_loss,Cape Verde NO,Cape Verde,NO,1897379,Will Cabo Verde win on 2026-06-26?,0.625,0.824176,0.199176,0.199176,0.375,-0.625,0.531136,0.132784,132.78,132.78,79.67,-0.175723,0.175723,0.15-0.22,0.079319,0.141786,0.778895,0.920681,0.858214,0.221105,Saudi Arabia,Cape Verde,0.37,0.38,YES
351778,fifwc-ury-esp-2026-06-26,Uruguay vs. Spain,2026-06-27T00:00:00Z,Uruguay,Spain,team_a_loss,Uruguay NO,Uruguay,NO,1897389,Will Uruguay win on 2026-06-26?,0.825,0.824176,-0.000824,-0.000824,0.175,-0.825,0.0,0,0.0,0.0,0.0,-0.344044,0.344044,0.22-0.35,0.010238,0.093086,0.896676,0.989762,0.906914,0.103324,Spain,Spain,0.17,0.18,PASS
351779,fifwc-egy-irn-2026-06-26,Egypt vs. IR Iran,2026-06-27T03:00:00Z,Egypt,Iran,no_draw,Draw NO,Draw,NO,1897398,Will Egypt vs. IR Iran end in a draw?,0.69,0.824176,0.134176,0.134176,0.31,-0.69,0.432825,0.108206,108.21,108.21,48.61,-0.053667,0.053667,0.03-0.06,0.268395,0.192377,0.539227,0.731605,0.807623,0.460773,Iran,Egypt,0.3,0.32,YES
351780,fifwc-nzl-bel-2026-06-26,New Zealand vs. Belgium,2026-06-27T03:00:00Z,New Zealand,Belgium,team_a_loss,New Zealand NO,New Zealand,NO,1897406,Will New Zealand win on 2026-06-26?,0.905,0.824176,-0.080824,-0.080824,0.095,-0.905,0.0,0,0.0,0.0,0.0,-0.237681,0.237681,0.22-0.35,0.038242,0.12144,0.840318,0.961758,0.87856,0.159682,Belgium,Belgium,0.09,0.1,PASS
351781,fifwc-pan-eng-2026-06-27,Panama vs. England,2026-06-27T21:00:00Z,Panama,England,team_a_loss,Panama NO,Panama,NO,1897415,Will Panama win on 2026-06-27?,0.9,0.824176,-0.075824,-0.075824,0.1,-0.9,0.0,0,0.0,0.0,0.0,-0.326597,0.326597,0.22-0.35,0.012749,0.097235,0.890015,0.987251,0.902765,0.109985,England,England,0.09,0.11,PASS
351782,fifwc-hrv-gha-2026-06-27,Croatia vs. Ghana,2026-06-27T21:00:00Z,Croatia,Ghana,team_b_loss,Ghana NO,Ghana,NO,1897427,Will Ghana win on 2026-06-27?,0.84,0.824176,-0.015824,-0.015824,0.16,-0.84,0.0,0,0.0,0.0,0.0,0.312028,0.312028,0.22-0.35,0.883857,0.100842,0.015301,0.116143,0.899158,0.984699,Croatia,Croatia,0.15,0.17,PASS
351783,fifwc-col-prt-2026-06-27,Colombia vs. Portugal,2026-06-27T23:30:00Z,Colombia,Portugal,no_draw,Draw NO,Draw,NO,1897433,Will Colombia vs. Portugal end in a draw?,0.725,0.824176,0.099176,0.099176,0.275,-0.725,0.360639,0.09016,90.16,90.16,34.2,-0.080249,0.080249,0.06-0.10,0.21363,0.180009,0.606362,0.78637,0.819991,0.393638,Portugal,Portugal,0.27,0.28,YES
351784,fifwc-cdr-uzb-2026-06-27,DR Congo vs. Uzbekistan,2026-06-27T23:30:00Z,Congo DR,Uzbekistan,team_a_loss,Congo DR NO,Congo DR,NO,1897437,Will DR Congo win on 2026-06-27?,0.595,0.824176,0.229176,0.229176,0.405,-0.595,0.565866,0.141467,141.47,141.47,96.29,-0.134836,0.134836,0.10-0.15,0.124493,0.157046,0.718461,0.875507,0.842954,0.281539,Uzbekistan,Congo DR,0.4,0.41,YES
351785,fifwc-jor-arg-2026-06-27,Jordan vs. Argentina,2026-06-28T02:00:00Z,Jordan,Argentina,team_a_loss,Jordan NO,Jordan,NO,1897440,Will Jordan win on 2026-06-27?,0.9325,0.824176,-0.108324,-0.108324,0.0675,-0.9325,0.0,0,0.0,0.0,0.0,-0.597778,0.597778,0.35+,0.000396,0.06,0.939604,0.999604,0.94,0.060396,Argentina,Argentina,0.066,0.069,PASS
351786,fifwc-alg-aut-2026-06-27,Algeria vs. Austria,2026-06-28T02:00:00Z,Algeria,Austria,no_draw,Draw NO,Draw,NO,1897444,Will Algeria vs. Austria end in a draw?,0.695,0.824176,0.129176,0.129176,0.305,-0.695,0.423527,0.105882,105.88,105.88,46.47,-0.057861,0.057861,0.03-0.06,0.25936,0.190371,0.550269,0.74064,0.809629,0.449731,Austria,Austria,0.3,0.31,YES
