market_id,question,slug,market_type,team,group,yes_price,no_price,liquidity,volume,end_date,model_probability,calibrated_yes_probability,recommended_side,trade_probability,trade_price,edge,ev_per_dollar,full_kelly_fraction,deploy_fraction,deploy_amount,max_loss,profit_if_win
558938,Will Argentina win the 2026 FIFA World Cup?,will-argentina-win-the-2026-fifa-world-cup-245,outright_winner,Argentina,,0.0785,0.9215,5827206.73336,38647281.79893181,2026-07-20T00:00:00Z,0.3521,0.198242,YES,0.198242,0.0785,0.119742,1.525373,0.129942,0.00952,9.52,9.52,111.75
839357,Will Mexico win Group A in the 2026 FIFA World Cup?,will-mexico-win-group-a-in-the-2026-fifa-world-cup,group_winner,Mexico,A,0.625,0.375,127064.9223,362777.8639439993,2026-06-27T00:00:00Z,0.3344,0.497818,NO,0.502182,0.375,0.127182,0.339152,0.203491,0.00952,9.52,9.52,15.87
839359,Will South Korea win Group A in the 2026 FIFA World Cup?,will-south-korea-win-group-a-in-the-2026-fifa-world-cup,group_winner,South Korea,A,0.345,0.655,59626.3005,123570.16040800005,2026-06-27T00:00:00Z,0.5248,0.42369,YES,0.42369,0.345,0.07869,0.228087,0.120137,0.00952,9.52,9.52,18.07
839959,Will France win Group I in the 2026 FIFA World Cup?,will-france-win-group-i-in-the-2026-fifa-world-cup,group_winner,France,I,0.655,0.345,74413.0144,191497.89507899943,2026-06-27T00:00:00Z,0.9041,0.764019,YES,0.764019,0.655,0.109019,0.166442,0.315998,0.00952,9.52,9.52,5.01
839969,Will Argentina win Group J in the 2026 FIFA World Cup?,will-argentina-win-group-j-in-the-2026-fifa-world-cup,group_winner,Argentina,J,0.715,0.285,94038.8428,170105.54508299934,2026-06-27T00:00:00Z,0.93865,0.812881,YES,0.812881,0.715,0.097881,0.136897,0.343442,0.00952,9.52,9.52,3.79
839429,Will Germany win Group E in the 2026 FIFA World Cup?,will-germany-win-group-e-in-the-2026-fifa-world-cup,group_winner,Germany,E,0.665,0.335,41002.2375,154482.60036700015,2026-06-27T00:00:00Z,0.81255,0.729576,YES,0.729576,0.665,0.064576,0.097106,0.192763,0.00952,9.52,9.52,4.8
839962,Will Norway win Group I in the 2026 FIFA World Cup?,will-norway-win-group-i-in-the-2026-fifa-world-cup,group_winner,Norway,I,0.245,0.755,68186.4226,65149.769147999956,2026-06-27T00:00:00Z,0.07955,0.17259,NO,0.82741,0.755,0.07241,0.095907,0.29555,0.00952,9.52,9.52,3.09
840171,Will Portugal win Group K in the 2026 FIFA World Cup?,will-portugal-win-group-k-in-the-2026-fifa-world-cup,group_winner,Portugal,K,0.635,0.365,40151.3725,176318.84104199955,2026-06-27T00:00:00Z,0.7572,0.688481,YES,0.688481,0.635,0.053481,0.084222,0.146524,0.00952,9.52,9.52,5.47
839395,Will Bosnia and Herzegovina win Group B in the 2026 FIFA World Cup?,will-the-winner-of-bosnia-and-herzegovinaitalynorthern-irelandwales-win-group-a-in-the-2026-fifa-world-cup,group_winner,Bosnia and Herzegovina,B,0.18,0.82,17310.6583,120726.8776629999,2026-06-27T00:00:00Z,0.0327,0.115534,NO,0.884466,0.82,0.064466,0.078617,0.358146,0.00952,9.52,9.52,2.09
839397,Will Switzerland win Group B in the 2026 FIFA World Cup?,will-switzerland-win-group-a-in-the-2026-fifa-world-cup,group_winner,Switzerland,B,0.565,0.435,43029.8845,180557.93467899968,2026-06-27T00:00:00Z,0.6645,0.608546,YES,0.608546,0.565,0.043546,0.077073,0.100107,0.00952,9.52,9.52,7.33
839971,Will Austria win Group J in the 2026 FIFA World Cup?,will-austria-win-group-j-in-the-2026-fifa-world-cup,group_winner,Austria,J,0.185,0.815,68954.9343,44907.71037000001,2026-06-27T00:00:00Z,0.0449,0.123685,NO,0.876315,0.815,0.061315,0.075233,0.331433,0.00952,9.52,9.52,2.16
839421,Will Paraguay win Group D in the 2026 FIFA World Cup?,will-paraguay-win-group-d-in-the-2026-fifa-world-cup,group_winner,Paraguay,D,0.195,0.805,38715.7236,133202.39009699994,2026-06-27T00:00:00Z,0.0585,0.13526,NO,0.86474,0.805,0.05974,0.074211,0.306357,0.00952,9.52,9.52,2.31
839420,Will USA win Group D in the 2026 FIFA World Cup?,will-usa-win-group-d-in-the-2026-fifa-world-cup,group_winner,United States,D,0.365,0.635,94970.0991,134040.63102799858,2026-06-27T00:00:00Z,0.26455,0.321038,NO,0.678962,0.635,0.043962,0.069232,0.120444,0.00952,9.52,9.52,5.47
839564,Will Uruguay win Group H in the 2026 FIFA World Cup?,will-uruguay-win-group-h-in-the-2026-fifa-world-cup,group_winner,Uruguay,H,0.195,0.805,61281.5234,30964.71580400003,2026-06-27T00:00:00Z,0.0724,0.141344,NO,0.858656,0.805,0.053656,0.066654,0.27516,0.00952,9.52,9.52,2.31
839561,Will Spain win Group H in the 2026 FIFA World Cup?,will-spain-win-group-h-in-the-2026-fifa-world-cup,group_winner,Spain,H,0.795,0.205,81979.4749,63731.67071399997,2026-06-27T00:00:00Z,0.9147,0.847387,YES,0.847387,0.795,0.052387,0.065896,0.255547,0.00952,9.52,9.52,2.45
840174,Will Colombia win Group K in the 2026 FIFA World Cup?,will-colombia-win-group-k-in-the-2026-fifa-world-cup,group_winner,Colombia,K,0.325,0.675,55319.0892,49890.33607999995,2026-06-27T00:00:00Z,0.22775,0.282438,NO,0.717562,0.675,0.042562,0.063054,0.130959,0.00952,9.52,9.52,4.58
839436,Will Sweden win Group F in the 2026 FIFA World Cup?,will-sweden-win-group-f-in-the-2026-fifa-world-cup,group_winner,Sweden,F,0.145,0.855,47282.9778,63708.14986399989,2026-06-27T00:00:00Z,0.02985,0.094604,NO,0.905396,0.855,0.050396,0.058942,0.347557,0.00952,9.52,9.52,1.61
839431,Will Ivory Coast win Group E in the 2026 FIFA World Cup?,will-ivory-coast-win-group-e-in-the-2026-fifa-world-cup,group_winner,Ivory Coast,E,0.1265,0.8735,73286.27243,45856.13336900002,2026-06-27T00:00:00Z,0.0179,0.078971,NO,0.921029,0.8735,0.047529,0.054412,0.375724,0.00952,9.52,9.52,1.38
839960,Will Senegal win Group I in the 2026 FIFA World Cup?,will-senegal-win-group-i-in-the-2026-fifa-world-cup,group_winner,Senegal,I,0.115,0.885,76409.9045,92736.54585500002,2026-06-27T00:00:00Z,0.0087,0.068478,NO,0.931522,0.885,0.046522,0.052568,0.404543,0.00952,9.52,9.52,1.24
839440,Will Egypt win Group G in the 2026 FIFA World Cup?,will-egypt-win-group-g-in-the-2026-fifa-world-cup,group_winner,Egypt,G,0.165,0.835,45779.0027,37826.153109000006,2026-06-27T00:00:00Z,0.0739,0.12513,NO,0.87487,0.835,0.03987,0.047749,0.241637,0.00952,9.52,9.52,1.88
839970,Will Algeria win Group J in the 2026 FIFA World Cup?,will-algeria-win-group-j-in-the-2026-fifa-world-cup,group_winner,Algeria,J,0.0945,0.9055,55153.86954,55199.80564900005,2026-06-27T00:00:00Z,0.01415,0.059335,NO,0.940665,0.9055,0.035165,0.038835,0.372121,0.00952,9.52,9.52,0.99
839399,Will Brazil win Group C in the 2026 FIFA World Cup?,will-brazil-win-group-c-in-the-2026-fifa-world-cup,group_winner,Brazil,C,0.715,0.285,70788.7184,158243.68282800048,2026-06-27T00:00:00Z,0.7737,0.74069,YES,0.74069,0.715,0.02569,0.03593,0.090141,0.00952,9.52,9.52,3.79
839423,Will Türkiye win Group D in the 2026 FIFA World Cup?,will-the-winner-of-kosovoromaniaslovakiatrkiye-playoff-win-group-d-in-the-2026-fifa-world-cup,group_winner,Turkey,D,0.365,0.635,38848.2812,213319.31785200033,2026-06-27T00:00:00Z,0.47325,0.412376,YES,0.412376,0.365,0.047376,0.129797,0.074608,0.00888,8.88,8.88,15.45
839434,Will Netherlands win Group F in the 2026 FIFA World Cup?,will-netherlands-win-group-f-in-the-2026-fifa-world-cup,group_winner,Netherlands,F,0.54,0.46,77530.498,115405.32872199992,2026-06-27T00:00:00Z,0.61845,0.574334,YES,0.574334,0.54,0.034334,0.063581,0.074639,0.00888,8.88,8.88,7.56
839422,Will Australia win Group D in the 2026 FIFA World Cup?,will-australia-win-group-d-in-the-2026-fifa-world-cup,group_winner,Australia,D,0.091,0.909,68741.03444,61561.7598479999,2026-06-27T00:00:00Z,0.2037,0.140323,YES,0.140323,0.091,0.049323,0.542016,0.054261,0.00646,6.46,6.46,64.53
839360,Will Czechia win Group A in the 2026 FIFA World Cup?,will-czechia-win-group-a-in-the-2026-fifa-world-cup,group_winner,Czech Republic,A,0.0335,0.9665,52386.99098,73488.446884,2026-06-27T00:00:00Z,0.12255,0.072473,PASS,0.072473,0.0335,0.038973,1.163373,0.040324,0.0,0.0,0.0,0.0
839396,Will Qatar win Group B in the 2026 FIFA World Cup?,will-qatar-win-group-a-in-the-2026-fifa-world-cup,group_winner,Qatar,B,0.02,0.98,69710.85574,81737.44154699998,2026-06-27T00:00:00Z,0.0605,0.037725,PASS,0.037725,0.02,0.017725,0.886247,0.018087,0.0,0.0,0.0,0.0
839358,Will South Africa win Group A in the 2026 FIFA World Cup?,will-south-africa-win-group-a-in-the-2026-fifa-world-cup,group_winner,South Africa,A,0.0095,0.9905,61804.88378,337884.84074899973,2026-06-27T00:00:00Z,0.01825,0.013329,PASS,0.013329,0.0095,0.003829,0.403101,0.003866,0.0,0.0,0.0,0.0
839442,Will New Zealand win Group G in the 2026 FIFA World Cup?,will-new-zealand-win-group-g-in-the-2026-fifa-world-cup,group_winner,New Zealand,G,0.0295,0.9705,81585.51708,31291.58086800004,2026-06-27T00:00:00Z,0.04165,0.034817,PASS,0.034817,0.0295,0.005317,0.180254,0.005479,0.0,0.0,0.0,0.0
839441,Will Iran win Group G in the 2026 FIFA World Cup?,will-iran-win-group-g-in-the-2026-fifa-world-cup,group_winner,Iran,G,0.1305,0.8695,59738.87029,97273.06585699994,2026-06-27T00:00:00Z,0.18335,0.15363,PASS,0.15363,0.1305,0.02313,0.177241,0.026601,0.0,0.0,0.0,0.0
558934,Will Spain win the 2026 FIFA World Cup?,will-spain-win-the-2026-fifa-world-cup-963,outright_winner,Spain,,0.1645,0.8355,5928961.20545,41309484.87055222,2026-07-20T00:00:00Z,0.2304,0.193341,PASS,0.193341,0.1645,0.028841,0.175327,0.03452,0.0,0.0,0.0,0.0
839435,Will Japan win Group F in the 2026 FIFA World Cup?,will-japan-win-group-f-in-the-2026-fifa-world-cup,group_winner,Japan,F,0.285,0.715,69783.5856,156840.736960998,2026-06-27T00:00:00Z,0.34405,0.310843,PASS,0.310843,0.285,0.025843,0.090679,0.036145,0.0,0.0,0.0,0.0
558958,Will Australia win the 2026 FIFA World Cup?,will-australia-win-the-2026-fifa-world-cup-816,outright_winner,Australia,,0.0015,0.9985,17083047.68875,50097852.488567784,2026-07-20T00:00:00Z,0.00165,0.001566,PASS,0.001566,0.0015,6.6e-05,0.043765,6.6e-05,0.0,0.0,0.0,0.0
840394,Will England win Group L in the 2026 FIFA World Cup?,will-england-win-group-l-in-the-2026-fifa-world-cup,group_winner,England,L,0.705,0.295,51689.1596,60580.049025999986,2026-06-27T00:00:00Z,0.74965,0.724541,PASS,0.724541,0.705,0.019541,0.027718,0.066241,0.0,0.0,0.0,0.0
839432,Will Ecuador win Group E in the 2026 FIFA World Cup?,will-ecuador-win-group-e-in-the-2026-fifa-world-cup,group_winner,Ecuador,E,0.215,0.785,57264.8468,53595.15171899997,2026-06-27T00:00:00Z,0.16565,0.193402,PASS,0.806598,0.785,0.021598,0.027514,0.100457,0.0,0.0,0.0,0.0
839400,Will Morocco win Group C in the 2026 FIFA World Cup?,will-morocco-win-group-c-in-the-2026-fifa-world-cup,group_winner,Morocco,C,0.215,0.785,58894.1252,153418.41782600057,2026-06-27T00:00:00Z,0.1659,0.193511,PASS,0.806489,0.785,0.021489,0.027374,0.099948,0.0,0.0,0.0,0.0
840398,Will Ghana win Group L in the 2026 FIFA World Cup?,will-ghana-win-group-l-in-the-2026-fifa-world-cup,group_winner,Ghana,L,0.06,0.94,46735.53041,25284.33120200002,2026-06-27T00:00:00Z,0.0014,0.034354,PASS,0.965646,0.94,0.025646,0.027283,0.427441,0.0,0.0,0.0,0.0
558935,Will England win the 2026 FIFA World Cup?,will-england-win-the-2026-fifa-world-cup-937,outright_winner,England,,0.0965,0.9035,6599721.93837,35459449.56606153,2026-07-20T00:00:00Z,0.04195,0.072626,PASS,0.927374,0.9035,0.023874,0.026424,0.247399,0.0,0.0,0.0,0.0
558940,Will Portugal win the 2026 FIFA World Cup?,will-portugal-win-the-2026-fifa-world-cup-912,outright_winner,Portugal,,0.1075,0.8925,5206954.96039,43170941.736432284,2026-07-20T00:00:00Z,0.0585,0.086055,PASS,0.913945,0.8925,0.021445,0.024028,0.199488,0.0,0.0,0.0,0.0
558937,Will Brazil win the 2026 FIFA World Cup?,will-brazil-win-the-2026-fifa-world-cup-183,outright_winner,Brazil,,0.0835,0.9165,6437896.03726,37229063.115681626,2026-07-20T00:00:00Z,0.03725,0.063259,PASS,0.936741,0.9165,0.020241,0.022086,0.242412,0.0,0.0,0.0,0.0
839437,Will Tunisia win Group F in the 2026 FIFA World Cup?,will-tunisia-win-group-f-in-the-2026-fifa-world-cup,group_winner,Tunisia,F,0.048,0.952,47606.3264,58200.26379299986,2026-06-27T00:00:00Z,0.00765,0.030341,PASS,0.969659,0.952,0.017659,0.01855,0.367902,0.0,0.0,0.0,0.0
840172,Will the Democratic Republic of Congo win Group K in the 2026 FIFA World Cup?,will-the-democratic-republic-of-congo-win-group-k-in-the-2026-fifa-world-cup,group_winner,Congo DR,K,0.0365,0.9635,45439.53426,40374.64697400001,2026-06-27T00:00:00Z,0.00085,0.020898,PASS,0.979102,0.9635,0.015602,0.016193,0.427461,0.0,0.0,0.0,0.0
558941,Will Netherlands win the 2026 FIFA World Cup?,will-netherlands-win-the-2026-fifa-world-cup-739,outright_winner,Netherlands,,0.0485,0.9515,2061615.01209,43307331.78863492,2026-07-20T00:00:00Z,0.02475,0.038106,PASS,0.961894,0.9515,0.010394,0.010924,0.214315,0.0,0.0,0.0,0.0
558936,Will France win the 2026 FIFA World Cup?,will-france-win-the-2026-fifa-world-cup-924,outright_winner,France,,0.1605,0.8395,5879799.52614,47503307.46245919,2026-07-20T00:00:00Z,0.141,0.151966,PASS,0.848034,0.8395,0.008534,0.010166,0.053173,0.0,0.0,0.0,0.0
558951,Will Norway win the 2026 FIFA World Cup?,will-norway-win-the-2026-fifa-world-cup-893,outright_winner,Norway,,0.0245,0.9755,1260757.80474,43623000.09889991,2026-07-20T00:00:00Z,0.002,0.014653,PASS,0.985347,0.9755,0.009847,0.010095,0.401926,0.0,0.0,0.0,0.0
839972,Will Jordan win Group J in the 2026 FIFA World Cup?,will-jordan-win-group-j-in-the-2026-fifa-world-cup,group_winner,Jordan,J,0.0165,0.9835,53936.65793,29593.298368999982,2026-06-27T00:00:00Z,0.0023,0.010285,PASS,0.989715,0.9835,0.006215,0.006319,0.376647,0.0,0.0,0.0,0.0
839402,Will Scotland win Group C in the 2026 FIFA World Cup?,will-scotland-win-group-c-in-the-2026-fifa-world-cup,group_winner,Scotland,C,0.0715,0.9285,70663.95997,225498.24209199994,2026-06-27T00:00:00Z,0.05925,0.066139,PASS,0.933861,0.9285,0.005361,0.005774,0.074982,0.0,0.0,0.0,0.0
558963,Will Morocco win the 2026 FIFA World Cup?,will-morocco-win-the-2026-fifa-world-cup-464,outright_winner,Morocco,,0.0155,0.9845,1769329.27094,47834732.44371376,2026-07-20T00:00:00Z,0.0026,0.009854,PASS,0.990146,0.9845,0.005646,0.005735,0.36424,0.0,0.0,0.0,0.0
558946,Will Belgium win the 2026 FIFA World Cup?,will-belgium-win-the-2026-fifa-world-cup-358,outright_winner,Belgium,,0.0205,0.9795,2628371.31487,45362583.24343067,2026-07-20T00:00:00Z,0.0083,0.015161,PASS,0.984839,0.9795,0.005339,0.005451,0.260457,0.0,0.0,0.0,0.0
558939,Will Germany win the 2026 FIFA World Cup?,will-germany-win-the-2026-fifa-world-cup-467,outright_winner,Germany,,0.0515,0.9485,2368825.85209,40052728.611228086,2026-07-20T00:00:00Z,0.04095,0.046883,PASS,0.953117,0.9485,0.004617,0.004868,0.089655,0.0,0.0,0.0,0.0
558945,Will Mexico win the 2026 FIFA World Cup?,will-mexico-win-the-2026-fifa-world-cup-529,outright_winner,Mexico,,0.0135,0.9865,2025130.4072,50070601.91877643,2026-07-20T00:00:00Z,0.0032,0.008992,PASS,0.991008,0.9865,0.004508,0.00457,0.333913,0.0,0.0,0.0,0.0
558974,Will Switzerland win the 2026 FIFA World Cup?,will-switzerland-win-the-2026-fifa-world-cup,outright_winner,Switzerland,,0.0135,0.9865,1828689.73738,43038196.43455882,2026-07-20T00:00:00Z,0.0039,0.009299,PASS,0.990701,0.9865,0.004201,0.004259,0.31122,0.0,0.0,0.0,0.0
558943,Will USA win the 2026 FIFA World Cup?,will-usa-win-the-2026-fifa-world-cup-467,outright_winner,United States,,0.0115,0.9885,6111050.15778,60106732.86507434,2026-07-20T00:00:00Z,0.0022,0.00743,PASS,0.99257,0.9885,0.00407,0.004118,0.353928,0.0,0.0,0.0,0.0
839562,Will Cape Verde win Group H in the 2026 FIFA World Cup?,will-cape-verde-win-group-h-in-the-2026-fifa-world-cup,group_winner,Cape Verde,H,0.0105,0.9895,65448.09371,87735.433203,2026-06-27T00:00:00Z,0.0012,0.00643,PASS,0.99357,0.9895,0.00407,0.004113,0.387635,0.0,0.0,0.0,0.0
839439,Will Belgium win Group G in the 2026 FIFA World Cup?,will-belgium-win-group-g-in-the-2026-fifa-world-cup,group_winner,Belgium,G,0.695,0.305,42188.9523,104351.82349500006,2026-06-27T00:00:00Z,0.7011,0.69767,PASS,0.69767,0.695,0.00267,0.003841,0.008753,0.0,0.0,0.0,0.0
558947,Will Colombia win the 2026 FIFA World Cup?,will-colombia-win-the-2026-fifa-world-cup-734,outright_winner,Colombia,,0.0175,0.9825,4019815.49917,45506858.39943035,2026-07-20T00:00:00Z,0.0091,0.013824,PASS,0.986176,0.9825,0.003676,0.003742,0.210073,0.0,0.0,0.0,0.0
840173,Will Uzbekistan win Group K in the 2026 FIFA World Cup?,will-uzbekistan-win-group-k-in-the-2026-fifa-world-cup,group_winner,Uzbekistan,K,0.0225,0.9775,41000.20764,29252.59688200001,2026-06-27T00:00:00Z,0.0142,0.018867,PASS,0.981133,0.9775,0.003633,0.003716,0.161445,0.0,0.0,0.0,0.0
558985,Will Turkiye win the 2026 FIFA World Cup?,will-turkiye-win-the-2026-fifa-world-cup,outright_winner,Turkey,,0.0115,0.9885,2732636.19089,41548810.284854114,2026-07-20T00:00:00Z,0.0041,0.008261,PASS,0.991739,0.9885,0.003239,0.003276,0.28162,0.0,0.0,0.0,0.0
558944,Will Uruguay win the 2026 FIFA World Cup?,will-uruguay-win-the-2026-fifa-world-cup-932,outright_winner,Uruguay,,0.0095,0.9905,9994588.31405,45552094.71165397,2026-07-20T00:00:00Z,0.0027,0.006524,PASS,0.993476,0.9905,0.002976,0.003005,0.313267,0.0,0.0,0.0,0.0
558955,Will Ecuador win the 2026 FIFA World Cup?,will-ecuador-win-the-2026-fifa-world-cup-986,outright_winner,Ecuador,,0.0085,0.9915,4600067.23604,50228466.16425569,2026-07-20T00:00:00Z,0.00175,0.005546,PASS,0.994454,0.9915,0.002954,0.002979,0.347548,0.0,0.0,0.0,0.0
558965,Will Senegal win the 2026 FIFA World Cup?,will-senegal-win-the-2026-fifa-world-cup,outright_winner,Senegal,,0.0065,0.9935,5911418.14122,41547591.69552247,2026-07-20T00:00:00Z,0.0,0.003655,PASS,0.996345,0.9935,0.002845,0.002863,0.437653,0.0,0.0,0.0,0.0
558949,Will Japan win the 2026 FIFA World Cup?,will-japan-win-the-2026-fifa-world-cup-112,outright_winner,Japan,,0.0215,0.9785,779350.94704,46041303.31788089,2026-07-20T00:00:00Z,0.01615,0.019159,PASS,0.980841,0.9785,0.002341,0.002393,0.108904,0.0,0.0,0.0,0.0
839401,Will Haiti win Group C in the 2026 FIFA World Cup?,will-haiti-win-group-c-in-the-2026-fifa-world-cup,group_winner,Haiti,C,0.0065,0.9935,67068.94842,63297.63611900002,2026-06-27T00:00:00Z,0.00115,0.004159,PASS,0.995841,0.9935,0.002341,0.002357,0.360222,0.0,0.0,0.0,0.0
840402,Will Panama win Group L in the 2026 FIFA World Cup?,will-panama-win-group-l-in-the-2026-fifa-world-cup,group_winner,Panama,L,0.0285,0.9715,52160.24245,32851.382916999995,2026-06-27T00:00:00Z,0.02365,0.026377,PASS,0.973623,0.9715,0.002123,0.002185,0.074478,0.0,0.0,0.0,0.0
839394,Will Canada win Group B in the 2026 FIFA World Cup?,will-canada-win-group-a-in-the-2026-fifa-world-cup,group_winner,Canada,B,0.245,0.755,24071.0745,82063.07550299988,2026-06-27T00:00:00Z,0.2423,0.243818,PASS,0.756182,0.755,0.001182,0.001565,0.004823,0.0,0.0,0.0,0.0
558966,Will Ivory Coast win the 2026 FIFA World Cup?,will-ivory-coast-win-the-2026-fifa-world-cup,outright_winner,Ivory Coast,,0.0035,0.9965,5241109.83345,57049582.659781314,2026-07-20T00:00:00Z,0.0001,0.002012,PASS,0.997988,0.9965,0.001488,0.001493,0.425148,0.0,0.0,0.0,0.0
558956,Will Paraguay win the 2026 FIFA World Cup?,will-paraguay-win-the-2026-fifa-world-cup-967,outright_winner,Paraguay,,0.0035,0.9965,2925025.73465,51087251.8076616,2026-07-20T00:00:00Z,0.00025,0.002078,PASS,0.997922,0.9965,0.001422,0.001427,0.406392,0.0,0.0,0.0,0.0
558980,Will Sweden win the 2026 FIFA World Cup?,will-sweden-win-the-2026-fifa-world-cup,outright_winner,Sweden,,0.0035,0.9965,9855558.48857,35137841.51108319,2026-07-20T00:00:00Z,0.0003,0.0021,PASS,0.9979,0.9965,0.0014,0.001405,0.40014,0.0,0.0,0.0,0.0
839430,Will Curaçao win Group E in the 2026 FIFA World Cup?,will-curaao-win-group-e-in-the-2026-fifa-world-cup,group_winner,Curaçao,E,0.007,0.993,44714.63303,45837.60817500004,2026-06-27T00:00:00Z,0.0039,0.005643,PASS,0.994357,0.993,0.001357,0.001366,0.193818,0.0,0.0,0.0,0.0
558976,Will Croatia win the 2026 FIFA World Cup?,will-croatia-win-the-2026-fifa-world-cup,outright_winner,Croatia,,0.0085,0.9915,2213176.52597,49999978.25291729,2026-07-20T00:00:00Z,0.006,0.007406,PASS,0.992594,0.9915,0.001094,0.001104,0.128721,0.0,0.0,0.0,0.0
558973,Will Scotland win the 2026 FIFA World Cup?,will-scotland-win-the-2026-fifa-world-cup,outright_winner,Scotland,,0.0025,0.9975,15371474.95222,45234249.151654325,2026-07-20T00:00:00Z,0.00025,0.001515,PASS,0.998485,0.9975,0.000985,0.000987,0.393888,0.0,0.0,0.0,0.0
558975,Will Austria win the 2026 FIFA World Cup?,will-austria-win-the-2026-fifa-world-cup,outright_winner,Austria,,0.0045,0.9955,3837491.81008,47099456.228057384,2026-07-20T00:00:00Z,0.0023,0.003537,PASS,0.996463,0.9955,0.000963,0.000967,0.213964,0.0,0.0,0.0,0.0
839563,Will Saudi Arabia win Group H in the 2026 FIFA World Cup?,will-saudi-arabia-win-group-h-in-the-2026-fifa-world-cup,group_winner,Saudi Arabia,H,0.0135,0.9865,107509.28966,128547.572825,2026-06-27T00:00:00Z,0.0117,0.012712,PASS,0.987288,0.9865,0.000788,0.000799,0.058354,0.0,0.0,0.0,0.0
558952,Will Canada win the 2026 FIFA World Cup?,will-canada-win-the-2026-fifa-world-cup-755,outright_winner,Canada,,0.0025,0.9975,3460870.29126,48930308.54532011,2026-07-20T00:00:00Z,0.00075,0.001734,PASS,0.998266,0.9975,0.000766,0.000768,0.306357,0.0,0.0,0.0,0.0
558961,Will South Korea win the 2026 FIFA World Cup?,will-south-korea-win-the-2026-fifa-world-cup-485,outright_winner,South Korea,,0.0045,0.9955,3434856.13316,61582428.466482766,2026-07-20T00:00:00Z,0.003,0.003844,PASS,0.996156,0.9955,0.000656,0.000659,0.145884,0.0,0.0,0.0,0.0
558967,Will Ghana win the 2026 FIFA World Cup?,will-ghana-win-the-2026-fifa-world-cup,outright_winner,Ghana,,0.0015,0.9985,15265627.68947,40895906.22444196,2026-07-20T00:00:00Z,0.0,0.000844,PASS,0.999156,0.9985,0.000656,0.000657,0.437653,0.0,0.0,0.0,0.0
558981,Will Congo DR win the 2026 FIFA World Cup?,will-congo-dr-win-the-2026-fifa-world-cup,outright_winner,Congo DR,,0.0015,0.9985,9683480.19199,60648850.54240983,2026-07-20T00:00:00Z,0.0,0.000844,PASS,0.999156,0.9985,0.000656,0.000657,0.437653,0.0,0.0,0.0,0.0
558983,Will Bosnia-Herzegovina win the 2026 FIFA World Cup?,will-bosnia-herzegovina-win-the-2026-fifa-world-cup,outright_winner,Bosnia and Herzegovina,,0.0015,0.9985,7014198.28012,34862312.00371791,2026-07-20T00:00:00Z,0.0,0.000844,PASS,0.999156,0.9985,0.000656,0.000657,0.437653,0.0,0.0,0.0,0.0
558968,Will Egypt win the 2026 FIFA World Cup?,will-egypt-win-the-2026-fifa-world-cup,outright_winner,Egypt,,0.0015,0.9985,7146410.09212,54911714.3443597,2026-07-20T00:00:00Z,0.00015,0.000909,PASS,0.999091,0.9985,0.000591,0.000592,0.393888,0.0,0.0,0.0,0.0
840396,Will Croatia win Group L in the 2026 FIFA World Cup?,will-croatia-win-group-l-in-the-2026-fifa-world-cup,group_winner,Croatia,L,0.225,0.775,65664.9925,26736.654128000035,2026-06-27T00:00:00Z,0.2253,0.225131,PASS,0.225131,0.225,0.000131,0.000584,0.000169,0.0,0.0,0.0,0.0
558969,Will Algeria win the 2026 FIFA World Cup?,will-algeria-win-the-2026-fifa-world-cup,outright_winner,Algeria,,0.0015,0.9985,10026307.86851,47856584.50121553,2026-07-20T00:00:00Z,0.0006,0.001106,PASS,0.998894,0.9985,0.000394,0.000394,0.262592,0.0,0.0,0.0,0.0
558984,Will Czechia win the 2026 FIFA World Cup?,will-czechia-win-the-2026-fifa-world-cup,outright_winner,Czech Republic,,0.0015,0.9985,12318871.58188,46231474.441015966,2026-07-20T00:00:00Z,0.0006,0.001106,PASS,0.998894,0.9985,0.000394,0.000394,0.262592,0.0,0.0,0.0,0.0
558959,Will Iran win the 2026 FIFA World Cup?,will-iran-win-the-2026-fifa-world-cup-788,outright_winner,Iran,,0.0015,0.9985,11008682.85687,49551735.89578997,2026-07-20T00:00:00Z,0.00075,0.001172,PASS,0.998828,0.9985,0.000328,0.000329,0.218826,0.0,0.0,0.0,0.0
558954,Will Tunisia win the 2026 FIFA World Cup?,will-tunisia-win-the-2026-fifa-world-cup-165,outright_winner,Tunisia,,0.0005,0.9995,16783548.47589,35888342.263686016,2026-07-20T00:00:00Z,0.0,0.000281,PASS,0.999719,0.9995,0.000219,0.000219,0.437653,0.0,0.0,0.0,0.0
558960,Will Uzbekistan win the 2026 FIFA World Cup?,will-uzbekistan-win-the-2026-fifa-world-cup-773,outright_winner,Uzbekistan,,0.0005,0.9995,14209130.24739,60239272.13841757,2026-07-20T00:00:00Z,0.0,0.000281,PASS,0.999719,0.9995,0.000219,0.000219,0.437653,0.0,0.0,0.0,0.0
558962,Will Jordan win the 2026 FIFA World Cup?,will-jordan-win-the-2026-fifa-world-cup-233,outright_winner,Jordan,,0.0005,0.9995,19681854.87248,31955403.821882773,2026-07-20T00:00:00Z,0.0,0.000281,PASS,0.999719,0.9995,0.000219,0.000219,0.437653,0.0,0.0,0.0,0.0
558964,Will South Africa win the 2026 FIFA World Cup?,will-south-africa-win-the-2026-fifa-world-cup,outright_winner,South Africa,,0.0005,0.9995,13528026.95297,38700174.00789427,2026-07-20T00:00:00Z,0.0,0.000281,PASS,0.999719,0.9995,0.000219,0.000219,0.437653,0.0,0.0,0.0,0.0
558977,Will Haiti win the 2026 FIFA World Cup?,will-haiti-win-the-2026-fifa-world-cup,outright_winner,Haiti,,0.0005,0.9995,19666871.71319,32316094.821820088,2026-07-20T00:00:00Z,0.0,0.000281,PASS,0.999719,0.9995,0.000219,0.000219,0.437653,0.0,0.0,0.0,0.0
558978,Will Curaçao win the 2026 FIFA World Cup?,will-curaao-win-the-2026-fifa-world-cup,outright_winner,Curaçao,,0.0005,0.9995,18954325.29814,42549992.22691622,2026-07-20T00:00:00Z,0.0,0.000281,PASS,0.999719,0.9995,0.000219,0.000219,0.437653,0.0,0.0,0.0,0.0
558957,Will New Zealand win the 2026 FIFA World Cup?,will-new-zealand-win-the-2026-fifa-world-cup-635,outright_winner,New Zealand,,0.0005,0.9995,19807628.11581,45846724.73264519,2026-07-20T00:00:00Z,5e-05,0.000303,PASS,0.999697,0.9995,0.000197,0.000197,0.393888,0.0,0.0,0.0,0.0
558970,Will Cape Verde win the 2026 FIFA World Cup?,will-cape-verde-win-the-2026-fifa-world-cup,outright_winner,Cape Verde,,0.0005,0.9995,19049241.67446,40503944.697164044,2026-07-20T00:00:00Z,5e-05,0.000303,PASS,0.999697,0.9995,0.000197,0.000197,0.393888,0.0,0.0,0.0,0.0
558972,Will Saudi Arabia win the 2026 FIFA World Cup?,will-saudi-arabia-win-the-2026-fifa-world-cup,outright_winner,Saudi Arabia,,0.0005,0.9995,12924099.78728,49374382.02288372,2026-07-20T00:00:00Z,5e-05,0.000303,PASS,0.999697,0.9995,0.000197,0.000197,0.393888,0.0,0.0,0.0,0.0
558979,Will Panama win the 2026 FIFA World Cup?,will-team-z-win-the-2026-fifa-world-cup-316,outright_winner,Panama,,0.0005,0.9995,19565195.92237,19699159.555756878,2026-07-20T00:00:00Z,5e-05,0.000303,PASS,0.999697,0.9995,0.000197,0.000197,0.393888,0.0,0.0,0.0,0.0
558982,Will Iraq win the 2026 FIFA World Cup?,will-iraq-win-the-2026-fifa-world-cup,outright_winner,Iraq,,0.0005,0.9995,19805742.09611,29453505.602710936,2026-07-20T00:00:00Z,5e-05,0.000303,PASS,0.999697,0.9995,0.000197,0.000197,0.393888,0.0,0.0,0.0,0.0
839961,Will Iraq win Group I in the 2026 FIFA World Cup?,will-the-winner-of-boliviairaqsuriname-playoff-win-group-i-in-the-2026-fifa-world-cup,group_winner,Iraq,I,0.008,0.992,131990.14377,101631.76519499996,2026-06-27T00:00:00Z,0.00765,0.007847,PASS,0.992153,0.992,0.000153,0.000154,0.019147,0.0,0.0,0.0,0.0
558971,Will Qatar win the 2026 FIFA World Cup?,will-qatar-win-the-2026-fifa-world-cup,outright_winner,Qatar,,0.0005,0.9995,18695033.66615,42286929.66833187,2026-07-20T00:00:00Z,0.00015,0.000347,PASS,0.999653,0.9995,0.000153,0.000153,0.306357,0.0,0.0,0.0,0.0
