date,year,team_a,team_b,score_a,score_b,stage,match_number_in_tournament,actual_regular_time,predicted_outcome,prediction_skipped,skip_reason,scored,correct,predicted_probability,team_a_win_probability,draw_probability,team_b_win_probability,team_a_loss_probability,no_draw_probability,team_b_loss_probability,rating_edge
1994-06-17,1994,Germany,Bolivia,1,0,group,1,team_a_win,team_b_loss,0,,1,1,0.999875,0.939875,0.06,0.000125,0.060125,0.94,0.999875,0.686727
1994-06-17,1994,Spain,South Korea,2,2,group,2,draw,team_b_loss,0,,1,1,0.89511,0.744179,0.150931,0.10489,0.255821,0.849069,0.89511,0.150721
1994-06-18,1994,Colombia,Romania,1,3,group,3,team_b_win,no_draw,0,,1,1,0.822797,0.621128,0.177203,0.201669,0.378872,0.822797,0.798331,0.086532
1994-06-18,1994,Italy,Republic of Ireland,0,1,group,4,team_b_win,team_b_loss,0,,1,0,0.975898,0.8654,0.110498,0.024102,0.1346,0.889502,0.975898,0.275452
1994-06-18,1994,United States,Switzerland,1,1,group,5,draw,no_draw,0,,1,0,0.824926,0.192751,0.175074,0.632174,0.807249,0.824926,0.367826,-0.091367
1994-06-19,1994,Belgium,Morocco,1,0,group,6,team_a_win,no_draw,0,,1,1,0.817353,0.592282,0.182647,0.225071,0.407718,0.817353,0.774929,0.074428
1994-06-19,1994,Cameroon,Sweden,2,2,group,7,draw,team_a_loss,0,,1,1,0.973815,0.026185,0.112372,0.861443,0.973815,0.887628,0.138557,-0.268725
1994-06-19,1994,Norway,Mexico,1,0,group,8,team_a_win,no_draw,0,,1,1,0.826869,0.184743,0.173131,0.642127,0.815257,0.826869,0.357873,-0.095833
1994-06-20,1994,Brazil,Russia,2,0,group,9,team_a_win,team_b_loss,0,,1,1,0.960705,0.83858,0.122125,0.039295,0.16142,0.877875,0.960705,0.235432
1994-06-20,1994,Netherlands,Saudi Arabia,2,1,group,10,team_a_win,team_b_loss,0,,1,1,0.963007,0.842396,0.120611,0.036993,0.157604,0.879389,0.963007,0.240424
1994-06-21,1994,Argentina,Greece,4,0,group,11,team_a_win,team_b_loss,0,,1,1,0.977314,0.868163,0.109151,0.022686,0.131837,0.890849,0.977314,0.280357
1994-06-21,1994,Germany,Spain,1,1,group,12,draw,team_b_loss,0,,1,1,0.984457,0.883299,0.101159,0.015543,0.116701,0.898841,0.984457,0.310775
1994-06-21,1994,Nigeria,Bulgaria,3,0,group,13,team_a_win,no_draw,0,,1,1,0.817478,0.592952,0.182522,0.224525,0.407048,0.817478,0.775475,0.074702
1994-06-22,1994,Romania,Switzerland,1,4,group,14,team_b_win,no_draw,0,,1,1,0.79091,0.44745,0.20909,0.34346,0.55255,0.79091,0.65654,0.020346
1994-06-22,1994,United States,Colombia,2,1,group,15,team_a_win,no_draw,0,,1,1,0.823407,0.199098,0.176593,0.624309,0.800902,0.823407,0.375691,-0.087911
1994-06-23,1994,Italy,Norway,1,0,group,16,team_a_win,team_b_loss,0,,1,1,0.969345,0.853304,0.116041,0.030655,0.146696,0.883959,0.969345,0.255872
1994-06-23,1994,South Korea,Bolivia,0,0,group,17,draw,team_b_loss,0,,1,1,0.952888,0.826061,0.126828,0.047112,0.173939,0.873172,0.952888,0.220319
1994-06-24,1994,Brazil,Cameroon,3,0,group,18,team_a_win,team_b_loss,0,,1,1,0.997909,0.9298,0.068109,0.002091,0.0702,0.931891,0.997909,0.46901
1994-06-24,1994,Mexico,Republic of Ireland,2,1,group,19,team_a_win,no_draw,0,,1,1,0.814219,0.238862,0.185781,0.575357,0.761138,0.814219,0.424643,-0.067624
1994-06-24,1994,Sweden,Russia,3,1,group,20,team_a_win,no_draw,0,,1,1,0.796741,0.479212,0.203259,0.317529,0.520788,0.796741,0.682471,0.03166
1994-06-25,1994,Argentina,Nigeria,2,1,group,21,team_a_win,team_b_loss,0,,1,1,0.918536,0.775915,0.142621,0.081464,0.224085,0.857379,0.918536,0.173375
1994-06-25,1994,Belgium,Netherlands,1,0,group,22,team_a_win,team_a_loss,0,,1,0,0.944218,0.055782,0.131424,0.812794,0.944218,0.868576,0.187206,-0.206079
1994-06-25,1994,Saudi Arabia,Morocco,2,1,group,23,team_a_win,no_draw,0,,1,1,0.821341,0.613494,0.178659,0.207847,0.386506,0.821341,0.792153,0.083259
1994-06-26,1994,Bulgaria,Greece,4,0,group,24,team_a_win,no_draw,0,,1,1,0.785864,0.420489,0.214136,0.365375,0.579511,0.785864,0.634625,0.010807
1994-06-26,1994,Switzerland,Colombia,0,2,group,25,team_b_win,no_draw,0,,1,1,0.816417,0.58725,0.183583,0.229167,0.41275,0.816417,0.770833,0.072384
1994-06-26,1994,United States,Romania,0,1,group,26,team_b_win,no_draw,0,,1,1,0.809705,0.259017,0.190295,0.550688,0.740983,0.809705,0.449312,-0.058021
1994-06-27,1994,Bolivia,Spain,1,3,group,27,team_b_win,team_a_loss,0,,1,1,0.993026,0.006974,0.086274,0.906752,0.993026,0.913726,0.093248,-0.37444
1994-06-27,1994,Germany,South Korea,3,2,group,28,team_a_win,team_b_loss,0,,1,1,0.99387,0.909763,0.084107,0.00613,0.090237,0.915893,0.99387,0.384616
1994-06-28,1994,Brazil,Sweden,1,1,group,29,draw,team_b_loss,0,,1,1,0.932675,0.795858,0.136817,0.067325,0.204142,0.863183,0.932675,0.189992
1994-06-28,1994,Republic of Ireland,Norway,0,0,group,30,draw,team_b_loss,0,,1,1,0.85563,0.692917,0.162713,0.14437,0.307083,0.837287,0.85563,0.120656
1994-06-28,1994,Italy,Mexico,1,1,group,31,draw,team_b_loss,0,,1,1,0.945354,0.814502,0.130852,0.054646,0.185498,0.869148,0.945354,0.207823
1994-06-28,1994,Russia,Cameroon,6,1,group,32,team_a_win,team_b_loss,0,,1,1,0.940014,0.806543,0.133471,0.059986,0.193457,0.866529,0.940014,0.199896
1994-06-29,1994,Belgium,Saudi Arabia,0,1,group,33,team_b_win,no_draw,0,,1,1,0.813928,0.573774,0.186072,0.240154,0.426226,0.813928,0.759846,0.066997
1994-06-29,1994,Morocco,Netherlands,1,2,group,34,team_b_win,team_a_loss,0,,1,1,0.989284,0.010716,0.093932,0.895352,0.989284,0.906068,0.104648,-0.340422
1994-06-30,1994,Argentina,Bulgaria,0,2,group,35,team_b_win,team_b_loss,0,,1,0,0.97975,0.873072,0.106678,0.02025,0.126928,0.893322,0.97975,0.289526
1994-06-30,1994,Greece,Nigeria,0,2,group,36,team_b_win,team_a_loss,0,,1,1,0.837337,0.162663,0.167581,0.669756,0.837337,0.832419,0.330244,-0.108864
1994-07-02,1994,Germany,Belgium,3,2,knockout,37,team_a_win,team_b_loss,0,,1,1,0.996844,0.923025,0.073819,0.003156,0.076975,0.926181,0.996844,0.436802
1994-07-02,1994,Spain,Switzerland,3,0,knockout,38,team_a_win,no_draw,1,no_draw_knockout,0,,0.818744,0.599727,0.181256,0.219017,0.400273,0.818744,0.780983,0.077486
1994-07-03,1994,Romania,Argentina,3,2,knockout,39,team_a_win,no_draw,1,no_draw_knockout,0,,0.809992,0.257726,0.190008,0.552266,0.742274,0.809992,0.447734,-0.058626
1994-07-03,1994,Saudi Arabia,Sweden,1,3,knockout,40,team_b_win,team_a_loss,0,,1,1,0.89375,0.10625,0.151377,0.742373,0.89375,0.848623,0.257627,-0.149542
1994-07-04,1994,Netherlands,Republic of Ireland,2,0,knockout,41,team_a_win,team_b_loss,0,,1,1,0.870149,0.71153,0.158619,0.129851,0.28847,0.841381,0.870149,0.130848
1994-07-04,1994,United States,Brazil,0,1,knockout,42,team_b_win,team_a_loss,0,,1,1,0.990339,0.009661,0.092021,0.898318,0.990339,0.907979,0.101682,-0.348645
1994-07-05,1994,Mexico,Bulgaria,1,1,knockout,43,draw,team_b_loss,0,,1,1,0.942141,0.809692,0.132449,0.057859,0.190308,0.867551,0.942141,0.202972
1994-07-05,1994,Nigeria,Italy,1,2,knockout,44,team_b_win,team_a_loss,0,,1,1,0.984788,0.015212,0.100725,0.884063,0.984788,0.899275,0.115937,-0.312494
1994-07-09,1994,Italy,Spain,2,1,knockout,45,team_a_win,team_b_loss,0,,1,1,0.888168,0.734999,0.153168,0.111832,0.265001,0.846832,0.888168,0.144836
1994-07-09,1994,Netherlands,Brazil,2,3,knockout,46,team_b_win,team_a_loss,0,,1,1,0.831915,0.168085,0.168973,0.662941,0.831915,0.831027,0.337059,-0.105555
1994-07-10,1994,Bulgaria,Germany,2,1,knockout,47,team_a_win,team_a_loss,0,,1,0,0.997414,0.002586,0.070996,0.926418,0.997414,0.929004,0.073582,-0.452402
1994-07-10,1994,Romania,Sweden,2,2,knockout,48,draw,no_draw,1,no_draw_knockout,0,,0.819574,0.215429,0.180426,0.604144,0.784571,0.819574,0.395856,-0.079322
1994-07-13,1994,Bulgaria,Italy,1,2,knockout,49,team_b_win,team_a_loss,0,,1,1,0.993621,0.006379,0.084771,0.90885,0.993621,0.915229,0.09115,-0.38147
1994-07-13,1994,Sweden,Brazil,0,1,knockout,50,team_b_win,team_a_loss,0,,1,1,0.966167,0.033833,0.118412,0.847755,0.966167,0.881588,0.152245,-0.247782
1994-07-16,1994,Sweden,Bulgaria,4,0,knockout,51,team_a_win,team_b_loss,0,,1,1,0.968446,0.851716,0.11673,0.031554,0.148284,0.88327,0.968446,0.253505
1994-07-17,1994,Brazil,Italy,0,0,knockout,52,draw,no_draw,1,no_draw_knockout,0,,0.812056,0.563569,0.187944,0.248486,0.436431,0.812056,0.751514,0.062993
1998-06-10,1998,Brazil,Scotland,2,1,group,1,team_a_win,team_b_loss,0,,1,1,0.99761,0.9277,0.06991,0.00239,0.0723,0.93009,0.99761,0.458569
1998-06-10,1998,Morocco,Norway,2,2,group,2,draw,team_a_loss,0,,1,1,0.883011,0.116989,0.154777,0.728233,0.883011,0.845223,0.271767,-0.140657
1998-06-11,1998,Cameroon,Austria,1,1,group,3,draw,team_a_loss,0,,1,1,0.848215,0.151785,0.164721,0.683494,0.848215,0.835279,0.316506,-0.11575
1998-06-11,1998,Italy,Chile,2,2,group,4,draw,team_b_loss,0,,1,1,0.966201,0.847813,0.118388,0.033799,0.152187,0.881612,0.966201,0.247864
1998-06-12,1998,France,South Africa,3,0,group,5,team_a_win,team_b_loss,0,,1,1,0.994873,0.913674,0.081199,0.005127,0.086326,0.918801,0.994873,0.398688
1998-06-12,1998,Paraguay,Bulgaria,0,0,group,6,draw,no_draw,0,,1,0,0.810381,0.255981,0.189619,0.554401,0.744019,0.810381,0.445599,-0.059445
1998-06-12,1998,Saudi Arabia,Denmark,0,1,group,7,team_b_win,no_draw,0,,1,1,0.817856,0.222874,0.182144,0.594982,0.777126,0.817856,0.405018,-0.075533
1998-06-13,1998,South Korea,Mexico,1,3,group,8,team_b_win,no_draw,0,,1,1,0.808472,0.543906,0.191528,0.264566,0.456094,0.808472,0.735434,0.055437
1998-06-13,1998,Netherlands,Belgium,0,0,group,9,draw,team_b_loss,0,,1,1,0.919066,0.77665,0.142416,0.080934,0.22335,0.857584,0.919066,0.173951
1998-06-13,1998,Spain,Nigeria,2,3,group,10,team_b_win,team_b_loss,0,,1,0,0.991664,0.902294,0.08937,0.008336,0.097706,0.91063,0.991664,0.360335
1998-06-14,1998,Argentina,Japan,1,0,group,11,team_a_win,team_b_loss,0,,1,1,0.838663,0.671425,0.167238,0.161337,0.328575,0.832762,0.838663,0.109685
1998-06-14,1998,Jamaica,Croatia,1,3,group,12,team_b_win,team_a_loss,0,,1,1,0.939325,0.060675,0.133798,0.805527,0.939325,0.866202,0.194473,-0.19892
1998-06-14,1998,Serbia,Iran,1,0,group,13,team_a_win,no_draw,0,,1,1,0.813708,0.572581,0.186292,0.241128,0.427419,0.813708,0.758872,0.066525
1998-06-15,1998,England,Tunisia,2,0,group,14,team_a_win,team_b_loss,0,,1,1,0.992483,0.904922,0.087561,0.007517,0.095078,0.912439,0.992483,0.368517
1998-06-15,1998,Germany,United States,2,0,group,15,team_a_win,team_b_loss,0,,1,1,0.9871,0.889637,0.097463,0.0129,0.110363,0.902537,0.9871,0.325662
1998-06-15,1998,Romania,Colombia,1,0,group,16,team_a_win,team_b_loss,0,,1,1,0.880154,0.724504,0.15565,0.119846,0.275496,0.84435,0.880154,0.138406
1998-06-16,1998,Brazil,Morocco,3,0,group,17,team_a_win,team_b_loss,0,,1,1,0.996293,0.920106,0.076187,0.003707,0.079894,0.923813,0.996293,0.424174
1998-06-16,1998,Scotland,Norway,1,1,group,18,draw,team_a_loss,0,,1,1,0.930486,0.069514,0.137767,0.79272,0.930486,0.862233,0.20728,-0.187227
1998-06-17,1998,Chile,Austria,1,1,group,19,draw,no_draw,0,,1,0,0.797163,0.481524,0.202837,0.315639,0.518476,0.797163,0.684361,0.032489
1998-06-17,1998,Italy,Cameroon,3,0,group,20,team_a_win,team_b_loss,0,,1,1,0.993646,0.90894,0.084705,0.006354,0.09106,0.915295,0.993646,0.381779
1998-06-18,1998,France,Saudi Arabia,4,0,group,21,team_a_win,team_b_loss,0,,1,1,0.978324,0.870173,0.108151,0.021676,0.129827,0.891849,0.978324,0.284039
1998-06-18,1998,South Africa,Denmark,1,1,group,22,draw,team_a_loss,0,,1,1,0.954234,0.045766,0.126061,0.828173,0.954234,0.873939,0.171827,-0.222745
1998-06-19,1998,Nigeria,Bulgaria,1,0,group,23,team_a_win,no_draw,0,,1,1,0.791707,0.33995,0.208293,0.451757,0.66005,0.791707,0.548243,-0.021873
1998-06-19,1998,Spain,Paraguay,0,0,group,24,draw,team_b_loss,0,,1,1,0.992258,0.904184,0.088074,0.007742,0.095816,0.911926,0.992258,0.366182
1998-06-20,1998,Belgium,Mexico,2,2,group,25,draw,no_draw,0,,1,0,0.785207,0.368185,0.214793,0.417022,0.631815,0.785207,0.582978,-0.009581
1998-06-20,1998,Japan,Croatia,0,1,group,26,team_b_win,no_draw,0,,1,1,0.793116,0.333716,0.206884,0.4594,0.666284,0.793116,0.5406,-0.024587
1998-06-20,1998,Netherlands,South Korea,5,0,group,27,team_a_win,team_b_loss,0,,1,1,0.837083,0.669436,0.167647,0.162917,0.330564,0.832353,0.837083,0.108707
1998-06-21,1998,Argentina,Jamaica,5,0,group,28,team_a_win,team_b_loss,0,,1,1,0.982514,0.878939,0.103575,0.017486,0.121061,0.896425,0.982514,0.301332
1998-06-21,1998,Germany,Serbia,2,2,group,29,draw,team_b_loss,0,,1,1,0.98864,0.893612,0.095028,0.01136,0.106388,0.904972,0.98864,0.335782
1998-06-21,1998,United States,Iran,1,2,group,30,team_b_win,no_draw,0,,1,1,0.827185,0.643729,0.172815,0.183456,0.356271,0.827185,0.816544,0.096562
1998-06-22,1998,Colombia,Tunisia,1,0,group,31,team_a_win,no_draw,0,,1,1,0.784585,0.370832,0.215415,0.413753,0.629168,0.784585,0.586247,-0.008425
1998-06-22,1998,Romania,England,2,1,group,32,team_a_win,team_a_loss,0,,1,0,0.953795,0.046205,0.126313,0.827483,0.953795,0.873687,0.172517,-0.221947
1998-06-23,1998,Brazil,Norway,1,2,group,33,team_b_win,team_b_loss,0,,1,0,0.981614,0.876989,0.104625,0.018386,0.123011,0.895375,0.981614,0.297298
1998-06-23,1998,Chile,Cameroon,1,1,group,34,draw,team_b_loss,0,,1,1,0.894222,0.743,0.151222,0.105778,0.257,0.848778,0.894222,0.14995
1998-06-23,1998,Italy,Austria,2,1,group,35,team_a_win,team_b_loss,0,,1,1,0.973853,0.861514,0.112339,0.026147,0.138486,0.887661,0.973853,0.268842
1998-06-23,1998,Scotland,Morocco,0,3,group,36,team_b_win,no_draw,0,,1,1,0.787108,0.360029,0.212892,0.42708,0.639971,0.787108,0.57292,-0.013137
1998-06-24,1998,France,Denmark,2,1,group,37,team_a_win,team_b_loss,0,,1,1,0.943905,0.812325,0.13158,0.056095,0.187675,0.86842,0.943905,0.205604
1998-06-24,1998,Nigeria,Paraguay,1,3,group,38,team_b_win,no_draw,0,,1,1,0.804519,0.522097,0.195481,0.282422,0.477903,0.804519,0.717578,0.047265
1998-06-24,1998,South Africa,Saudi Arabia,2,2,group,39,draw,team_a_loss,0,,1,1,0.844179,0.155821,0.165793,0.678386,0.844179,0.834207,0.321614,-0.113155
1998-06-24,1998,Spain,Bulgaria,6,1,group,40,team_a_win,team_b_loss,0,,1,1,0.973008,0.859939,0.113068,0.026992,0.140061,0.886932,0.973008,0.266254
1998-06-25,1998,Belgium,South Korea,1,1,group,41,draw,no_draw,0,,1,0,0.796957,0.480395,0.203043,0.316562,0.519605,0.796957,0.683438,0.032084
1998-06-25,1998,Germany,Iran,2,0,group,42,team_a_win,team_b_loss,0,,1,1,0.991159,0.900743,0.090417,0.008841,0.099257,0.909583,0.991159,0.35568
1998-06-25,1998,Netherlands,Mexico,2,2,group,43,draw,team_b_loss,0,,1,1,0.86059,0.699249,0.16134,0.13941,0.300751,0.83866,0.86059,0.124045
1998-06-25,1998,United States,Serbia,0,1,group,44,team_b_win,no_draw,0,,1,1,0.7929,0.334674,0.2071,0.458226,0.665326,0.7929,0.541774,-0.02417
1998-06-26,1998,Argentina,Croatia,1,0,group,45,team_a_win,no_draw,0,,1,1,0.824505,0.630003,0.175495,0.194502,0.369997,0.824505,0.805498,0.090406
1998-06-26,1998,Colombia,England,0,2,group,46,team_b_win,team_a_loss,0,,1,1,0.9914,0.0086,0.089923,0.901477,0.9914,0.910077,0.098523,-0.35787
1998-06-26,1998,Japan,Jamaica,1,2,group,47,team_b_win,team_b_loss,0,,1,0,0.918638,0.776057,0.142581,0.081362,0.223943,0.857419,0.918638,0.173486
1998-06-26,1998,Romania,Tunisia,1,1,group,48,draw,team_b_loss,0,,1,1,0.948097,0.818661,0.129436,0.051903,0.181339,0.870564,0.948097,0.212176
1998-06-27,1998,Brazil,Chile,4,1,knockout,49,team_a_win,team_b_loss,0,,1,1,0.997266,0.925491,0.071774,0.002734,0.074509,0.928226,0.997266,0.448039
1998-06-27,1998,Italy,Norway,1,0,knockout,50,team_a_win,no_draw,1,no_draw_knockout,0,,0.819073,0.601479,0.180927,0.217593,0.398521,0.819073,0.782407,0.078213
1998-06-28,1998,France,Paraguay,1,0,knockout,51,team_a_win,team_b_loss,0,,1,1,0.995761,0.917542,0.078219,0.004239,0.082458,0.921781,0.995761,0.413645
1998-06-28,1998,Nigeria,Denmark,1,4,knockout,52,team_b_win,team_a_loss,0,,1,1,0.922637,0.077363,0.141012,0.781625,0.922637,0.858988,0.218375,-0.177913
1998-06-29,1998,Germany,Mexico,2,1,knockout,53,team_a_win,team_b_loss,0,,1,1,0.981163,0.876029,0.105135,0.018837,0.123971,0.894865,0.981163,0.295354
1998-06-29,1998,Netherlands,Serbia,2,1,knockout,54,team_a_win,team_b_loss,0,,1,1,0.834337,0.665983,0.168354,0.165663,0.334017,0.831646,0.834337,0.107024
1998-06-30,1998,Argentina,England,2,2,knockout,55,draw,no_draw,1,no_draw_knockout,0,,0.822401,0.203341,0.177599,0.619061,0.796659,0.822401,0.380939,-0.08564
1998-06-30,1998,Romania,Croatia,0,1,knockout,56,team_b_win,no_draw,1,no_draw_knockout,0,,0.796115,0.475775,0.203885,0.320339,0.524225,0.796115,0.679661,0.030428
1998-07-03,1998,Brazil,Denmark,3,2,knockout,57,team_a_win,team_b_loss,0,,1,1,0.984528,0.883462,0.101066,0.015472,0.116538,0.898934,0.984528,0.311141
1998-07-03,1998,France,Italy,0,0,knockout,58,draw,no_draw,1,no_draw_knockout,0,,0.812782,0.567534,0.187218,0.245248,0.432466,0.812782,0.754752,0.064541
1998-07-04,1998,Germany,Croatia,0,3,knockout,59,team_b_win,team_b_loss,0,,1,0,0.977533,0.868595,0.108938,0.022467,0.131405,0.891062,0.977533,0.28114
1998-07-04,1998,Netherlands,Argentina,2,1,knockout,60,team_a_win,no_draw,1,no_draw_knockout,0,,0.781801,0.399252,0.218199,0.382549,0.600748,0.781801,0.617451,0.003287
1998-07-07,1998,Brazil,Netherlands,1,1,knockout,61,draw,team_b_loss,0,,1,1,0.934618,0.79866,0.135957,0.065382,0.20134,0.864043,0.934618,0.192514
1998-07-08,1998,France,Croatia,2,1,knockout,62,team_a_win,team_b_loss,0,,1,1,0.970944,0.856165,0.114779,0.029056,0.143835,0.885221,0.970944,0.260248
1998-07-11,1998,Netherlands,Croatia,1,2,knockout,63,team_b_win,team_b_loss,0,,1,0,0.919648,0.777457,0.14219,0.080352,0.222543,0.85781,0.919648,0.174585
1998-07-12,1998,France,Brazil,3,0,knockout,64,team_a_win,no_draw,1,no_draw_knockout,0,,0.812474,0.246619,0.187526,0.565855,0.753381,0.812474,0.434145,-0.063884
2002-05-31,2002,France,Senegal,0,1,group,1,team_b_win,team_b_loss,0,,1,0,0.999452,0.939452,0.06,0.000548,0.060548,0.94,0.999452,0.572772
2002-06-01,2002,Germany,Saudi Arabia,8,0,group,2,team_a_win,no_draw,0,,1,1,0.825032,0.632723,0.174968,0.192309,0.367277,0.825032,0.807691,0.09161
2002-06-01,2002,Republic of Ireland,Cameroon,1,1,group,3,draw,team_b_loss,0,,1,1,0.882883,0.728067,0.154816,0.117117,0.271933,0.845184,0.882883,0.140556
2002-06-01,2002,Uruguay,Denmark,1,2,group,4,team_b_win,team_a_loss,0,,1,1,0.935028,0.064972,0.135774,0.799254,0.935028,0.864226,0.200746,-0.193055
2002-06-02,2002,Argentina,Nigeria,1,0,group,5,team_a_win,team_b_loss,0,,1,1,0.985745,0.886321,0.099424,0.014255,0.113679,0.900576,0.985745,0.317692
2002-06-02,2002,England,Sweden,1,1,group,6,draw,team_b_loss,0,,1,1,0.869603,0.710826,0.158777,0.130397,0.289174,0.841223,0.869603,0.13045
2002-06-02,2002,Paraguay,South Africa,2,2,group,7,draw,no_draw,0,,1,0,0.784815,0.369855,0.215185,0.414959,0.630145,0.784815,0.585041,-0.008851
2002-06-02,2002,Spain,Slovenia,3,1,group,8,team_a_win,team_b_loss,0,,1,1,0.986915,0.889174,0.097741,0.013085,0.110826,0.902259,0.986915,0.324523
2002-06-03,2002,Brazil,Turkey,2,1,group,9,team_a_win,team_b_loss,0,,1,1,0.980664,0.874975,0.105689,0.019336,0.125025,0.894311,0.980664,0.293249
2002-06-03,2002,Croatia,Mexico,0,1,group,10,team_b_win,no_draw,0,,1,1,0.801967,0.293968,0.198033,0.507999,0.706032,0.801967,0.492001,-0.042078
2002-06-03,2002,Italy,Ecuador,2,0,group,11,team_a_win,team_b_loss,0,,1,1,0.990328,0.898287,0.092041,0.009672,0.101713,0.907959,0.990328,0.348558
2002-06-04,2002,China,Costa Rica,0,2,group,12,team_b_win,no_draw,0,,1,1,0.803933,0.518862,0.196067,0.285072,0.481138,0.803933,0.714928,0.046069
2002-06-04,2002,Japan,Belgium,2,2,group,13,draw,no_draw,0,,1,0,0.803807,0.518162,0.196193,0.285645,0.481838,0.803807,0.714355,0.045811
2002-06-04,2002,South Korea,Poland,2,0,group,14,team_a_win,no_draw,0,,1,1,0.82601,0.637743,0.17399,0.188267,0.362257,0.82601,0.811733,0.093852
2002-06-05,2002,Germany,Republic of Ireland,1,1,group,15,draw,no_draw,0,,1,0,0.829425,0.655003,0.170575,0.174422,0.344997,0.829425,0.825578,0.101782
2002-06-05,2002,Russia,Tunisia,2,0,group,16,team_a_win,no_draw,0,,1,1,0.815835,0.58411,0.184165,0.231725,0.41589,0.815835,0.768275,0.071118
2002-06-05,2002,United States,Portugal,3,2,group,17,team_a_win,no_draw,0,,1,1,0.814195,0.238966,0.185805,0.575229,0.761034,0.814195,0.424771,-0.067573
2002-06-06,2002,Cameroon,Saudi Arabia,1,0,group,18,team_a_win,no_draw,0,,1,1,0.821074,0.208987,0.178926,0.612087,0.791013,0.821074,0.387913,-0.082662
2002-06-06,2002,Denmark,Senegal,1,1,group,19,draw,team_b_loss,0,,1,1,0.961428,0.839772,0.121657,0.038572,0.160228,0.878343,0.961428,0.23697
2002-06-06,2002,France,Uruguay,0,0,group,20,draw,team_b_loss,0,,1,1,0.99907,0.93907,0.06,0.00093,0.06093,0.94,0.99907,0.532098
2002-06-07,2002,Argentina,England,0,1,group,21,team_b_win,team_b_loss,0,,1,0,0.893929,0.742611,0.151318,0.106071,0.257389,0.848682,0.893929,0.149698
2002-06-07,2002,Spain,Paraguay,3,1,group,22,team_a_win,team_b_loss,0,,1,1,0.98852,0.893293,0.095227,0.01148,0.106707,0.904773,0.98852,0.334945
2002-06-07,2002,Sweden,Nigeria,2,1,group,23,team_a_win,no_draw,0,,1,1,0.817377,0.592414,0.182623,0.224963,0.407586,0.817377,0.775037,0.074482
2002-06-08,2002,Brazil,China,4,0,group,24,team_a_win,team_b_loss,0,,1,1,0.966993,0.849181,0.117813,0.033007,0.150819,0.882187,0.966993,0.249813
2002-06-08,2002,Italy,Croatia,1,2,group,25,team_b_win,team_b_loss,0,,1,0,0.966909,0.849035,0.117874,0.033091,0.150965,0.882126,0.966909,0.249603
2002-06-08,2002,South Africa,Slovenia,1,0,group,26,team_a_win,no_draw,0,,1,1,0.780585,0.387592,0.219415,0.392993,0.612408,0.780585,0.607007,-0.001064
2002-06-09,2002,Costa Rica,Turkey,1,1,group,27,draw,no_draw,0,,1,0,0.802495,0.510916,0.197505,0.291579,0.489084,0.802495,0.708421,0.043146
2002-06-09,2002,Japan,Russia,1,0,group,28,team_a_win,team_b_loss,0,,1,1,0.907082,0.760231,0.146851,0.092918,0.239769,0.853149,0.907082,0.161685
2002-06-09,2002,Mexico,Ecuador,2,1,group,29,team_a_win,team_b_loss,0,,1,1,0.946118,0.815655,0.130463,0.053882,0.184345,0.869537,0.946118,0.209016
2002-06-10,2002,South Korea,United States,1,1,group,30,draw,no_draw,0,,1,0,0.822553,0.202698,0.177447,0.619855,0.797302,0.822553,0.380145,-0.085982
2002-06-10,2002,Portugal,Poland,4,0,group,31,team_a_win,team_b_loss,0,,1,1,0.954302,0.828281,0.126022,0.045698,0.171719,0.873978,0.954302,0.22287
2002-06-10,2002,Tunisia,Belgium,1,1,group,32,draw,team_a_loss,0,,1,1,0.94028,0.05972,0.133345,0.806936,0.94028,0.866655,0.193064,-0.200276
2002-06-11,2002,Cameroon,Germany,0,2,group,33,team_b_win,team_a_loss,0,,1,1,0.936305,0.063695,0.135196,0.80111,0.936305,0.864804,0.19889,-0.194761
2002-06-11,2002,Denmark,France,2,0,group,34,team_a_win,team_a_loss,0,,1,0,0.987247,0.012753,0.09724,0.890007,0.987247,0.90276,0.109993,-0.326577
2002-06-11,2002,Saudi Arabia,Republic of Ireland,0,3,group,35,team_b_win,no_draw,0,,1,1,0.804975,0.280357,0.195025,0.524619,0.719643,0.804975,0.475381,-0.048201
2002-06-11,2002,Senegal,Uruguay,3,3,group,36,draw,no_draw,0,,1,0,0.793765,0.330829,0.206235,0.462936,0.669171,0.793765,0.537064,-0.025845
2002-06-12,2002,Nigeria,England,0,0,group,37,draw,team_a_loss,0,,1,1,0.958759,0.041241,0.123356,0.835403,0.958759,0.876644,0.164597,-0.231421
2002-06-12,2002,Slovenia,Paraguay,1,3,group,38,team_b_win,no_draw,0,,1,1,0.786161,0.422056,0.213839,0.364105,0.577944,0.786161,0.635895,0.011361
2002-06-12,2002,South Africa,Spain,2,3,group,39,team_b_win,team_a_loss,0,,1,1,0.989122,0.010878,0.094212,0.89491,0.989122,0.905788,0.10509,-0.33923
2002-06-12,2002,Sweden,Argentina,1,1,group,40,draw,team_a_loss,0,,1,1,0.939718,0.060282,0.133612,0.806107,0.939718,0.866388,0.193893,-0.199476
2002-06-13,2002,Costa Rica,Brazil,2,5,group,41,team_b_win,team_a_loss,0,,1,1,0.978156,0.021844,0.10832,0.869837,0.978156,0.89168,0.130163,-0.283415
2002-06-13,2002,Ecuador,Croatia,1,0,group,42,team_a_win,team_a_loss,0,,1,0,0.873028,0.126972,0.157779,0.715249,0.873028,0.842221,0.284751,-0.132974
2002-06-13,2002,Mexico,Italy,1,1,group,43,draw,team_a_loss,0,,1,1,0.835189,0.164811,0.168135,0.667054,0.835189,0.831865,0.332946,-0.107544
2002-06-13,2002,Turkey,China,3,0,group,44,team_a_win,no_draw,0,,1,1,0.797405,0.31455,0.202595,0.482854,0.68545,0.797405,0.517146,-0.032967
2002-06-14,2002,Belgium,Russia,3,2,group,45,team_a_win,team_b_loss,0,,1,1,0.85325,0.689887,0.163363,0.14675,0.310113,0.836637,0.85325,0.119061
2002-06-14,2002,Japan,Tunisia,2,0,group,46,team_a_win,team_b_loss,0,,1,1,0.970789,0.855886,0.114903,0.029211,0.144114,0.885097,0.970789,0.259815
2002-06-14,2002,South Korea,Portugal,1,0,group,47,team_a_win,no_draw,0,,1,1,0.825238,0.191456,0.174762,0.633782,0.808544,0.825238,0.366218,-0.092081
2002-06-14,2002,Poland,United States,3,1,group,48,team_a_win,team_a_loss,0,,1,0,0.938895,0.061105,0.133999,0.804896,0.938895,0.866001,0.195104,-0.198317
2002-06-15,2002,Denmark,England,0,3,knockout,49,team_b_win,no_draw,1,no_draw_knockout,0,,0.783778,0.409525,0.216222,0.374253,0.590475,0.783778,0.625747,0.006928
2002-06-15,2002,Germany,Paraguay,1,0,knockout,50,team_a_win,team_b_loss,0,,1,1,0.97546,0.864558,0.110902,0.02454,0.135442,0.889098,0.97546,0.273993
2002-06-16,2002,Spain,Republic of Ireland,1,1,knockout,51,draw,team_b_loss,0,,1,1,0.921788,0.780438,0.14135,0.078212,0.219562,0.85865,0.921788,0.176956
2002-06-16,2002,Sweden,Senegal,1,2,knockout,52,team_b_win,team_b_loss,0,,1,0,0.899897,0.750561,0.149336,0.100103,0.249439,0.850664,0.899897,0.154971
2002-06-17,2002,Brazil,Belgium,2,0,knockout,53,team_a_win,team_b_loss,0,,1,1,0.871939,0.713841,0.158098,0.128061,0.286159,0.841902,0.871939,0.132166
2002-06-17,2002,Mexico,United States,0,2,knockout,54,team_b_win,no_draw,1,no_draw_knockout,0,,0.784857,0.415181,0.215143,0.369676,0.584819,0.784857,0.630324,0.00893
2002-06-18,2002,Japan,Turkey,0,1,knockout,55,team_b_win,team_b_loss,0,,1,0,0.959672,0.836888,0.122784,0.040328,0.163112,0.877216,0.959672,0.233281
2002-06-18,2002,South Korea,Italy,2,1,knockout,56,team_a_win,team_a_loss,0,,1,0,0.871986,0.128014,0.158084,0.713902,0.871986,0.841916,0.286098,-0.1322
2002-06-21,2002,England,Brazil,1,2,knockout,57,team_b_win,no_draw,1,no_draw_knockout,0,,0.810794,0.254132,0.189206,0.556662,0.745868,0.810794,0.443338,-0.060316
2002-06-21,2002,Germany,United States,1,0,knockout,58,team_a_win,no_draw,1,no_draw_knockout,0,,0.821541,0.614547,0.178459,0.206994,0.385453,0.821541,0.793006,0.083707
2002-06-22,2002,South Korea,Spain,0,0,knockout,59,draw,team_a_loss,0,,1,1,0.831317,0.168683,0.169125,0.662192,0.831317,0.830875,0.337808,-0.105195
2002-06-22,2002,Senegal,Turkey,0,1,knockout,60,team_b_win,no_draw,1,no_draw_knockout,0,,0.785662,0.366242,0.214338,0.41942,0.633758,0.785662,0.58058,-0.010429
2002-06-25,2002,South Korea,Germany,0,1,knockout,61,team_b_win,no_draw,1,no_draw_knockout,0,,0.827303,0.182976,0.172697,0.644326,0.817024,0.827303,0.355674,-0.096835
2002-06-26,2002,Brazil,Turkey,1,0,knockout,62,team_a_win,team_b_loss,0,,1,1,0.998144,0.93161,0.066535,0.001856,0.06839,0.933465,0.998144,0.478362
2002-06-29,2002,South Korea,Turkey,2,3,knockout,63,team_b_win,team_b_loss,0,,1,0,0.912782,0.767991,0.144791,0.087218,0.232009,0.855209,0.912782,0.167336
2002-06-30,2002,Germany,Brazil,0,2,knockout,64,team_b_win,team_a_loss,0,,1,1,0.939813,0.060187,0.133567,0.806246,0.939813,0.866433,0.193754,-0.19961
2006-06-09,2006,Germany,Costa Rica,4,2,group,1,team_a_win,team_b_loss,0,,1,1,0.982857,0.879692,0.103164,0.017143,0.120308,0.896836,0.982857,0.302921
2006-06-09,2006,Poland,Ecuador,0,2,group,2,team_b_win,team_b_loss,0,,1,0,0.900959,0.751982,0.148976,0.099041,0.248018,0.851024,0.900959,0.155937
2006-06-10,2006,Argentina,Ivory Coast,2,1,group,3,team_a_win,team_b_loss,0,,1,1,0.942233,0.809829,0.132404,0.057767,0.190171,0.867596,0.942233,0.203109
2006-06-10,2006,England,Paraguay,1,0,group,4,team_a_win,team_b_loss,0,,1,1,0.987064,0.889545,0.097518,0.012936,0.110455,0.902482,0.987064,0.325436
2006-06-10,2006,Trinidad and Tobago,Sweden,0,0,group,5,draw,team_a_loss,0,,1,1,0.920134,0.079866,0.142001,0.778133,0.920134,0.857999,0.221867,-0.175119
2006-06-11,2006,Angola,Portugal,0,1,group,6,team_b_win,team_a_loss,0,,1,1,0.985065,0.014935,0.100354,0.884711,0.985065,0.899646,0.115289,-0.313968
2006-06-11,2006,Mexico,Iran,3,1,group,7,team_a_win,no_draw,0,,1,1,0.784773,0.370033,0.215227,0.41474,0.629967,0.784773,0.58526,-0.008774
2006-06-11,2006,Serbia,Netherlands,0,1,group,8,team_b_win,team_a_loss,0,,1,1,0.992028,0.007972,0.088586,0.903442,0.992028,0.911414,0.096558,-0.363863
2006-06-12,2006,Australia,Japan,3,1,group,9,team_a_win,no_draw,0,,1,1,0.80102,0.502769,0.19898,0.298251,0.497231,0.80102,0.701749,0.040169
2006-06-12,2006,Italy,Ghana,2,0,group,10,team_a_win,team_b_loss,0,,1,1,0.990822,0.899732,0.09109,0.009178,0.100268,0.90891,0.990822,0.352712
2006-06-12,2006,United States,Czech Republic,0,3,group,11,team_b_win,no_draw,0,,1,1,0.787668,0.357611,0.212332,0.430056,0.642389,0.787668,0.569944,-0.01419
2006-06-13,2006,Brazil,Croatia,1,0,group,12,team_a_win,team_b_loss,0,,1,1,0.962188,0.84103,0.121157,0.037812,0.15897,0.878843,0.962188,0.238615
2006-06-13,2006,France,Switzerland,0,0,group,13,draw,team_b_loss,0,,1,1,0.997384,0.92623,0.071154,0.002616,0.07377,0.928846,0.997384,0.451511
2006-06-13,2006,South Korea,Togo,2,1,group,14,team_a_win,team_b_loss,0,,1,1,0.983099,0.880229,0.10287,0.016901,0.119771,0.89713,0.983099,0.304064
2006-06-14,2006,Germany,Poland,1,0,group,15,team_a_win,team_b_loss,0,,1,1,0.920824,0.779094,0.14173,0.079176,0.220906,0.85827,0.920824,0.175882
2006-06-14,2006,Spain,Ukraine,4,0,group,16,team_a_win,team_b_loss,0,,1,1,0.996854,0.923081,0.073774,0.003146,0.076919,0.926226,0.996854,0.437051
2006-06-14,2006,Tunisia,Saudi Arabia,2,2,group,17,draw,no_draw,0,,1,0,0.806944,0.535484,0.193056,0.27146,0.464516,0.806944,0.72854,0.052258
2006-06-15,2006,Ecuador,Costa Rica,3,0,group,18,team_a_win,no_draw,0,,1,1,0.790018,0.44264,0.209982,0.347378,0.55736,0.790018,0.652622,0.018642
2006-06-15,2006,England,Trinidad and Tobago,2,0,group,19,team_a_win,team_b_loss,0,,1,1,0.994528,0.912281,0.082247,0.005472,0.087719,0.917753,0.994528,0.393561
2006-06-15,2006,Sweden,Paraguay,1,0,group,20,team_a_win,no_draw,0,,1,1,0.828117,0.648441,0.171883,0.179676,0.351559,0.828117,0.820324,0.098724
2006-06-16,2006,Argentina,Serbia,6,0,group,21,team_a_win,team_b_loss,0,,1,1,0.973431,0.860725,0.112705,0.026569,0.139275,0.887295,0.973431,0.26754
2006-06-16,2006,Mexico,Angola,0,0,group,22,draw,team_b_loss,0,,1,1,0.978978,0.871494,0.107485,0.021022,0.128506,0.892515,0.978978,0.286512
2006-06-16,2006,Netherlands,Ivory Coast,2,1,group,23,team_a_win,team_b_loss,0,,1,1,0.988478,0.893183,0.095295,0.011522,0.106817,0.904705,0.988478,0.334659
2006-06-17,2006,Czech Republic,Ghana,0,2,group,24,team_b_win,team_b_loss,0,,1,0,0.993809,0.909539,0.084271,0.006191,0.090461,0.915729,0.993809,0.383838
2006-06-17,2006,Italy,United States,1,1,group,25,draw,no_draw,0,,1,0,0.79081,0.446909,0.20919,0.343901,0.553091,0.79081,0.656099,0.020154
2006-06-17,2006,Portugal,Iran,2,0,group,26,team_a_win,no_draw,0,,1,1,0.800185,0.498163,0.199815,0.302022,0.501837,0.800185,0.697978,0.038494
2006-06-18,2006,Brazil,Australia,2,0,group,27,team_a_win,team_b_loss,0,,1,1,0.848043,0.683276,0.164767,0.151957,0.316724,0.835233,0.848043,0.115638
2006-06-18,2006,France,South Korea,1,1,group,28,draw,team_b_loss,0,,1,1,0.987534,0.890733,0.096801,0.012466,0.109267,0.903199,0.987534,0.328388
2006-06-18,2006,Japan,Croatia,0,0,group,29,draw,no_draw,0,,1,0,0.809996,0.552287,0.190004,0.257709,0.447713,0.809996,0.742291,0.058633
2006-06-19,2006,Saudi Arabia,Ukraine,0,4,group,30,team_b_win,no_draw,0,,1,1,0.782868,0.404782,0.217132,0.378086,0.595218,0.782868,0.621914,0.005248
2006-06-19,2006,Spain,Tunisia,3,1,group,31,team_a_win,team_b_loss,0,,1,1,0.994726,0.913073,0.081653,0.005274,0.086927,0.918347,0.994726,0.396459
2006-06-19,2006,Togo,Switzerland,0,2,group,32,team_b_win,team_a_loss,0,,1,1,0.982803,0.017197,0.103229,0.879574,0.982803,0.896771,0.120426,-0.30267
2006-06-20,2006,Costa Rica,Poland,1,2,group,33,team_b_win,team_a_loss,0,,1,1,0.871116,0.128884,0.158338,0.712778,0.871116,0.841662,0.287222,-0.131558
2006-06-20,2006,Germany,Ecuador,3,0,group,34,team_a_win,team_b_loss,0,,1,1,0.976657,0.866873,0.109784,0.023343,0.133127,0.890216,0.976657,0.278045
2006-06-20,2006,Paraguay,Trinidad and Tobago,2,0,group,35,team_a_win,no_draw,0,,1,1,0.806518,0.533135,0.193482,0.273383,0.466865,0.806518,0.726617,0.051377
2006-06-20,2006,Sweden,England,2,2,group,36,draw,team_a_loss,0,,1,1,0.944629,0.055371,0.131218,0.813411,0.944629,0.868782,0.186589,-0.206706
2006-06-21,2006,Iran,Angola,1,1,group,37,draw,team_b_loss,0,,1,1,0.962096,0.840877,0.121218,0.037904,0.159123,0.878782,0.962096,0.238414
2006-06-21,2006,Ivory Coast,Serbia,3,2,group,38,team_a_win,no_draw,0,,1,1,0.794973,0.469525,0.205027,0.325447,0.530475,0.794973,0.674553,0.028194
2006-06-21,2006,Netherlands,Argentina,0,0,group,39,draw,team_b_loss,0,,1,1,0.854907,0.691997,0.162911,0.145093,0.308003,0.837089,0.854907,0.12017
2006-06-21,2006,Portugal,Mexico,2,1,group,40,team_a_win,no_draw,0,,1,1,0.817401,0.59254,0.182599,0.224861,0.40746,0.817401,0.775139,0.074534
2006-06-22,2006,Croatia,Australia,2,2,group,41,draw,team_a_loss,0,,1,1,0.876307,0.123693,0.156808,0.7195,0.876307,0.843192,0.2805,-0.135443
2006-06-22,2006,Czech Republic,Italy,0,2,group,42,team_b_win,no_draw,0,,1,1,0.789907,0.347865,0.210093,0.442042,0.652135,0.789907,0.557958,-0.01843
2006-06-22,2006,Ghana,United States,2,1,group,43,team_a_win,team_a_loss,0,,1,0,0.988781,0.011219,0.094792,0.893989,0.988781,0.905208,0.106011,-0.336777
2006-06-22,2006,Japan,Brazil,1,4,group,44,team_b_win,team_a_loss,0,,1,1,0.979466,0.020534,0.106977,0.872488,0.979466,0.893023,0.127512,-0.288404
2006-06-23,2006,Saudi Arabia,Spain,0,1,group,45,team_b_win,team_a_loss,0,,1,1,0.99717,0.00283,0.07226,0.924911,0.99717,0.92774,0.075089,-0.445345
2006-06-23,2006,Switzerland,South Korea,2,0,group,46,team_a_win,no_draw,0,,1,1,0.790525,0.345153,0.209475,0.445372,0.654847,0.790525,0.554628,-0.019609
2006-06-23,2006,Togo,France,0,2,group,47,team_b_win,team_a_loss,0,,1,1,0.999353,0.000647,0.06,0.939353,0.999353,0.94,0.060647,-0.560007
2006-06-23,2006,Ukraine,Tunisia,1,0,group,48,team_a_win,no_draw,0,,1,1,0.789518,0.349563,0.210482,0.439955,0.650437,0.789518,0.560045,-0.017691
2006-06-24,2006,Argentina,Mexico,2,1,knockout,49,team_a_win,no_draw,1,no_draw_knockout,0,,0.807155,0.536652,0.192845,0.270504,0.463348,0.807155,0.729496,0.052697
2006-06-24,2006,Germany,Sweden,2,0,knockout,50,team_a_win,team_b_loss,0,,1,1,0.873563,0.715942,0.157621,0.126437,0.284058,0.842379,0.873563,0.133374
2006-06-25,2006,England,Ecuador,1,0,knockout,51,team_a_win,team_b_loss,0,,1,1,0.99269,0.905612,0.087079,0.00731,0.094388,0.912921,0.99269,0.370725
2006-06-25,2006,Portugal,Netherlands,1,0,knockout,52,team_a_win,no_draw,1,no_draw_knockout,0,,0.827948,0.180355,0.172052,0.647593,0.819645,0.827948,0.352407,-0.098333
2006-06-26,2006,Italy,Australia,1,0,knockout,53,team_a_win,no_draw,1,no_draw_knockout,0,,0.798762,0.490321,0.201238,0.308441,0.509679,0.798762,0.691559,0.035656
2006-06-26,2006,Switzerland,Ukraine,0,0,knockout,54,draw,team_b_loss,0,,1,1,0.847512,0.682603,0.164909,0.152488,0.317397,0.835091,0.847512,0.115294
2006-06-27,2006,Brazil,Ghana,3,0,knockout,55,team_a_win,team_b_loss,0,,1,1,0.998442,0.934138,0.064303,0.001558,0.065862,0.935697,0.998442,0.492006
2006-06-27,2006,Spain,France,1,3,knockout,56,team_b_win,team_b_loss,0,,1,0,0.878898,0.722867,0.156031,0.121102,0.277133,0.843969,0.878898,0.13743
2006-06-30,2006,Germany,Argentina,1,1,knockout,57,draw,no_draw,1,no_draw_knockout,0,,0.794,0.464215,0.206,0.329785,0.535785,0.794,0.670215,0.0263
2006-06-30,2006,Italy,Ukraine,3,0,knockout,58,team_a_win,team_b_loss,0,,1,1,0.967809,0.8506,0.117209,0.032191,0.1494,0.882791,0.967809,0.251866
2006-07-01,2006,Brazil,France,0,1,knockout,59,team_b_win,no_draw,1,no_draw_knockout,0,,0.812347,0.565164,0.187653,0.247184,0.434836,0.812347,0.752816,0.063614
2006-07-01,2006,England,Portugal,0,0,knockout,60,draw,no_draw,1,no_draw_knockout,0,,0.782516,0.402956,0.217484,0.37956,0.597044,0.782516,0.62044,0.004601
2006-07-04,2006,Germany,Italy,0,2,knockout,61,team_b_win,no_draw,1,no_draw_knockout,0,,0.804078,0.284415,0.195922,0.519664,0.715585,0.804078,0.480336,-0.046365
2006-07-05,2006,Portugal,France,0,1,knockout,62,team_b_win,team_a_loss,0,,1,1,0.963767,0.036233,0.120095,0.843671,0.963767,0.879905,0.156329,-0.242137
2006-07-08,2006,Germany,Portugal,3,1,knockout,63,team_a_win,no_draw,1,no_draw_knockout,0,,0.782442,0.402569,0.217558,0.379872,0.597431,0.782442,0.620128,0.004464
2006-07-09,2006,Italy,France,1,1,knockout,64,draw,team_a_loss,0,,1,1,0.926414,0.073586,0.13948,0.786934,0.926414,0.86052,0.213066,-0.182284
2010-06-11,2010,South Africa,Mexico,1,1,group,1,draw,team_a_loss,0,,1,1,0.943982,0.056018,0.131542,0.81244,0.943982,0.868458,0.18756,-0.205721
2010-06-11,2010,Uruguay,France,0,0,group,2,draw,team_a_loss,0,,1,1,0.897211,0.102789,0.150237,0.746974,0.897211,0.849763,0.253026,-0.152565
2010-06-12,2010,Argentina,Nigeria,1,0,group,3,team_a_win,team_b_loss,0,,1,1,0.931267,0.793836,0.137431,0.068733,0.206164,0.862569,0.931267,0.188204
2010-06-12,2010,England,United States,1,1,group,4,draw,team_b_loss,0,,1,1,0.886001,0.732152,0.153849,0.113999,0.267848,0.846151,0.886001,0.143062
2010-06-12,2010,South Korea,Greece,2,0,group,5,team_a_win,team_b_loss,0,,1,1,0.894771,0.743728,0.151043,0.105229,0.256272,0.848957,0.894771,0.150426
2010-06-13,2010,Algeria,Slovenia,0,1,group,6,team_b_win,no_draw,0,,1,1,0.785225,0.417118,0.214775,0.368107,0.582882,0.785225,0.631893,0.009615
2010-06-13,2010,Germany,Australia,4,0,group,7,team_a_win,team_b_loss,0,,1,1,0.849579,0.685224,0.164355,0.150421,0.314776,0.835645,0.849579,0.116639
2010-06-13,2010,Serbia,Ghana,0,1,group,8,team_b_win,team_b_loss,0,,1,0,0.901264,0.752391,0.148872,0.098736,0.247609,0.851128,0.901264,0.156216
2010-06-14,2010,Italy,Paraguay,1,1,group,9,draw,team_b_loss,0,,1,1,0.96707,0.849313,0.117757,0.03293,0.150687,0.882243,0.96707,0.250003
2010-06-14,2010,Japan,Cameroon,1,0,group,10,team_a_win,team_b_loss,0,,1,1,0.926758,0.78742,0.139337,0.073242,0.21258,0.860663,0.926758,0.182692
2010-06-14,2010,Netherlands,Denmark,2,0,group,11,team_a_win,team_b_loss,0,,1,1,0.984602,0.883632,0.10097,0.015398,0.116368,0.89903,0.984602,0.311523
2010-06-15,2010,Brazil,North Korea,2,1,group,12,team_a_win,team_b_loss,0,,1,1,0.99965,0.93965,0.06,0.00035,0.06035,0.94,0.99965,0.60732
2010-06-15,2010,Ivory Coast,Portugal,0,0,group,13,draw,team_a_loss,0,,1,1,0.915315,0.084685,0.143847,0.771467,0.915315,0.856153,0.228533,-0.16995
2010-06-15,2010,New Zealand,Slovakia,1,1,group,14,draw,no_draw,0,,1,0,0.803119,0.288756,0.196881,0.514364,0.711244,0.803119,0.485636,-0.044412
2010-06-16,2010,Honduras,Chile,0,1,group,15,team_b_win,team_a_loss,0,,1,1,0.972496,0.027504,0.113502,0.858994,0.972496,0.886498,0.141006,-0.264725
2010-06-16,2010,South Africa,Uruguay,0,3,group,16,team_b_win,no_draw,0,,1,1,0.822474,0.203032,0.177526,0.619442,0.796968,0.822474,0.380558,-0.085804
2010-06-16,2010,Spain,Switzerland,0,1,group,17,team_b_win,team_b_loss,0,,1,0,0.997685,0.928212,0.069474,0.002315,0.071788,0.930526,0.997685,0.461072
2010-06-17,2010,Argentina,South Korea,4,1,group,18,team_a_win,no_draw,0,,1,1,0.825901,0.637183,0.174099,0.188718,0.362817,0.825901,0.811282,0.0936
2010-06-17,2010,France,Mexico,0,2,group,19,team_b_win,no_draw,0,,1,1,0.812001,0.563273,0.187999,0.248729,0.436727,0.812001,0.751271,0.062877
2010-06-17,2010,Greece,Nigeria,2,1,group,20,team_a_win,no_draw,0,,1,1,0.813965,0.239988,0.186035,0.573977,0.760012,0.813965,0.426023,-0.067077
2010-06-18,2010,England,Algeria,0,0,group,21,draw,team_b_loss,0,,1,1,0.995871,0.918054,0.077817,0.004129,0.081946,0.922183,0.995871,0.415709
2010-06-18,2010,Germany,Serbia,0,1,group,22,team_b_win,team_b_loss,0,,1,0,0.965663,0.84689,0.118773,0.034337,0.15311,0.881227,0.965663,0.246565
2010-06-18,2010,Slovenia,United States,2,2,group,23,draw,team_a_loss,0,,1,1,0.972289,0.027711,0.113674,0.858615,0.972289,0.886326,0.141385,-0.264116
2010-06-19,2010,Cameroon,Denmark,1,2,group,24,team_b_win,team_a_loss,0,,1,1,0.87317,0.12683,0.157737,0.715433,0.87317,0.842263,0.284567,-0.13308
2010-06-19,2010,Ghana,Australia,1,1,group,25,draw,team_a_loss,0,,1,1,0.957857,0.042143,0.123912,0.833945,0.957857,0.876088,0.166055,-0.229622
2010-06-19,2010,Netherlands,Japan,1,0,group,26,team_a_win,team_b_loss,0,,1,1,0.965628,0.846831,0.118798,0.034372,0.153169,0.881202,0.965628,0.246482
2010-06-20,2010,Brazil,Ivory Coast,3,1,group,27,team_a_win,team_b_loss,0,,1,1,0.994243,0.911169,0.083074,0.005757,0.088831,0.916926,0.994243,0.38956
2010-06-20,2010,Italy,New Zealand,1,1,group,28,draw,team_b_loss,0,,1,1,0.989949,0.897204,0.092745,0.010051,0.102796,0.907255,0.989949,0.345508
2010-06-20,2010,Slovakia,Paraguay,0,2,group,29,team_b_win,no_draw,0,,1,1,0.807896,0.267162,0.192104,0.540735,0.732838,0.807896,0.459265,-0.054237
2010-06-21,2010,Chile,Switzerland,1,0,group,30,team_a_win,no_draw,0,,1,1,0.82683,0.641925,0.17317,0.184905,0.358075,0.82683,0.815095,0.095741
2010-06-21,2010,Portugal,North Korea,7,0,group,31,team_a_win,team_b_loss,0,,1,1,0.993336,0.907832,0.085504,0.006664,0.092168,0.914496,0.993336,0.378027
2010-06-21,2010,Spain,Honduras,2,0,group,32,team_a_win,team_b_loss,0,,1,1,0.999704,0.939704,0.06,0.000296,0.060296,0.94,0.999704,0.620143
2010-06-22,2010,Greece,Argentina,0,2,group,33,team_b_win,team_a_loss,0,,1,1,0.971984,0.028016,0.113928,0.858056,0.971984,0.886072,0.141944,-0.263224
2010-06-22,2010,Mexico,Uruguay,0,1,group,34,team_b_win,no_draw,0,,1,1,0.824189,0.628372,0.175811,0.195818,0.371628,0.824189,0.804182,0.089688
2010-06-22,2010,Nigeria,South Korea,2,2,group,35,draw,team_a_loss,0,,1,1,0.861797,0.138203,0.161002,0.700795,0.861797,0.838998,0.299205,-0.124884
2010-06-22,2010,South Africa,France,2,1,group,36,team_a_win,team_a_loss,0,,1,0,0.950488,0.049512,0.128157,0.82233,0.950488,0.871843,0.17767,-0.216147
2010-06-23,2010,Australia,Serbia,2,1,group,37,team_a_win,no_draw,0,,1,1,0.822659,0.620407,0.177341,0.202252,0.379593,0.822659,0.797748,0.08622
2010-06-23,2010,Ghana,Germany,0,1,group,38,team_b_win,team_a_loss,0,,1,1,0.99119,0.00881,0.090355,0.900835,0.99119,0.909645,0.099165,-0.355954
2010-06-23,2010,Slovenia,England,0,1,group,39,team_b_win,team_a_loss,0,,1,1,0.995269,0.004731,0.079925,0.915344,0.995269,0.920075,0.084656,-0.405016
2010-06-23,2010,United States,Algeria,1,0,group,40,team_a_win,team_b_loss,0,,1,1,0.969541,0.853651,0.11589,0.030459,0.146349,0.88411,0.969541,0.256395
2010-06-24,2010,Cameroon,Netherlands,1,2,group,41,team_b_win,team_a_loss,0,,1,1,0.99814,0.00186,0.066565,0.931576,0.99814,0.933435,0.068424,-0.478182
2010-06-24,2010,Denmark,Japan,1,3,group,42,team_b_win,no_draw,0,,1,1,0.805792,0.276662,0.194208,0.52913,0.723338,0.805792,0.47087,-0.04988
2010-06-24,2010,Paraguay,New Zealand,0,0,group,43,draw,no_draw,0,,1,0,0.826408,0.639778,0.173592,0.18663,0.360222,0.826408,0.81337,0.094769
2010-06-24,2010,Slovakia,Italy,3,2,group,44,team_a_win,team_a_loss,0,,1,0,0.981577,0.018423,0.104666,0.876911,0.981577,0.895334,0.123089,-0.297139
2010-06-25,2010,Chile,Spain,1,2,group,45,team_b_win,team_a_loss,0,,1,1,0.983501,0.016499,0.102375,0.881126,0.983501,0.897625,0.118874,-0.305994
2010-06-25,2010,North Korea,Ivory Coast,0,3,group,46,team_b_win,team_a_loss,0,,1,1,0.947598,0.052402,0.129697,0.817901,0.947598,0.870303,0.182099,-0.211369
2010-06-25,2010,Portugal,Brazil,0,0,group,47,draw,team_a_loss,0,,1,1,0.944053,0.055947,0.131506,0.812547,0.944053,0.868494,0.187453,-0.205829
2010-06-25,2010,Switzerland,Honduras,0,0,group,48,draw,team_b_loss,0,,1,1,0.918784,0.776259,0.142525,0.081216,0.223741,0.857475,0.918784,0.173644
2010-06-26,2010,Uruguay,South Korea,2,1,knockout,49,team_a_win,no_draw,1,no_draw_knockout,0,,0.790989,0.343113,0.209011,0.447877,0.656887,0.790989,0.552123,-0.020497
2010-06-26,2010,United States,Ghana,1,2,knockout,50,team_b_win,team_b_loss,0,,1,0,0.968724,0.852206,0.116519,0.031276,0.147794,0.883481,0.968724,0.25423
2010-06-27,2010,Argentina,Mexico,3,1,knockout,51,team_a_win,no_draw,1,no_draw_knockout,0,,0.82686,0.642077,0.17314,0.184783,0.357923,0.82686,0.815217,0.09581
2010-06-27,2010,Germany,England,4,1,knockout,52,team_a_win,no_draw,1,no_draw_knockout,0,,0.804207,0.283835,0.195793,0.520371,0.716165,0.804207,0.479629,-0.046627
2010-06-28,2010,Brazil,Chile,3,0,knockout,53,team_a_win,team_b_loss,0,,1,1,0.940909,0.807865,0.133044,0.059091,0.192135,0.866956,0.940909,0.201178
2010-06-28,2010,Netherlands,Slovakia,2,1,knockout,54,team_a_win,team_b_loss,0,,1,1,0.996132,0.919308,0.076825,0.003868,0.080692,0.923175,0.996132,0.420841
2010-06-29,2010,Paraguay,Japan,0,0,knockout,55,draw,team_a_loss,0,,1,1,0.875915,0.124085,0.156925,0.71899,0.875915,0.843075,0.28101,-0.135144
2010-06-29,2010,Spain,Portugal,1,0,knockout,56,team_a_win,team_b_loss,0,,1,1,0.981136,0.875971,0.105165,0.018864,0.124029,0.894835,0.981136,0.295239
2010-07-02,2010,Netherlands,Brazil,2,1,knockout,57,team_a_win,no_draw,1,no_draw_knockout,0,,0.799486,0.305178,0.200514,0.494308,0.694822,0.799486,0.505692,-0.037097
2010-07-02,2010,Uruguay,Ghana,1,1,knockout,58,draw,team_b_loss,0,,1,1,0.942573,0.810336,0.132238,0.057427,0.189664,0.867762,0.942573,0.203611
2010-07-03,2010,Argentina,Germany,0,4,knockout,59,team_b_win,no_draw,1,no_draw_knockout,0,,0.785429,0.367237,0.214571,0.418192,0.632763,0.785429,0.581808,-0.009995
2010-07-03,2010,Paraguay,Spain,0,1,knockout,60,team_b_win,team_a_loss,0,,1,1,0.998708,0.001292,0.061993,0.936715,0.998708,0.938007,0.063285,-0.506639
2010-07-06,2010,Uruguay,Netherlands,2,3,knockout,61,team_b_win,team_a_loss,0,,1,1,0.948318,0.051682,0.12932,0.818999,0.948318,0.87068,0.181001,-0.212537
2010-07-07,2010,Germany,Spain,0,1,knockout,62,team_b_win,team_a_loss,0,,1,1,0.911545,0.088455,0.145245,0.7663,0.911545,0.854755,0.2337,-0.166083
2010-07-10,2010,Uruguay,Germany,2,3,knockout,63,team_b_win,team_a_loss,0,,1,1,0.948119,0.051881,0.129424,0.818695,0.948119,0.870576,0.181305,-0.212213
2010-07-11,2010,Netherlands,Spain,0,1,knockout,64,team_b_win,no_draw,1,no_draw_knockout,0,,0.823834,0.197306,0.176166,0.626527,0.802694,0.823834,0.373473,-0.08888
2014-06-12,2014,Brazil,Croatia,3,1,group,1,team_a_win,team_b_loss,0,,1,1,0.995504,0.916373,0.079131,0.004496,0.083627,0.920869,0.995504,0.409011
2014-06-13,2014,Chile,Australia,3,1,group,2,team_a_win,no_draw,0,,1,1,0.826455,0.640014,0.173545,0.18644,0.359986,0.826455,0.81356,0.094875
2014-06-13,2014,Mexico,Cameroon,1,0,group,3,team_a_win,team_b_loss,0,,1,1,0.945023,0.814003,0.13102,0.054977,0.185997,0.86898,0.945023,0.207312
2014-06-13,2014,Spain,Netherlands,1,5,group,4,team_b_win,team_b_loss,0,,1,0,0.882666,0.727783,0.154883,0.117334,0.272217,0.845117,0.882666,0.140383
2014-06-14,2014,Colombia,Greece,3,0,group,5,team_a_win,no_draw,0,,1,1,0.809264,0.548262,0.190736,0.261002,0.451738,0.809264,0.738998,0.057094
2014-06-14,2014,England,Italy,1,2,group,6,team_b_win,team_b_loss,0,,1,0,0.862337,0.701487,0.16085,0.137663,0.298513,0.83915,0.862337,0.125261
2014-06-14,2014,Ivory Coast,Japan,2,1,group,7,team_a_win,team_a_loss,0,,1,0,0.92659,0.07341,0.139407,0.787184,0.92659,0.860593,0.212816,-0.182493
2014-06-14,2014,Uruguay,Costa Rica,1,3,group,8,team_b_win,team_b_loss,0,,1,0,0.96124,0.83946,0.121779,0.03876,0.16054,0.878221,0.96124,0.236566
2014-06-15,2014,Argentina,Bosnia and Herzegovina,2,1,group,9,team_a_win,team_b_loss,0,,1,1,0.984279,0.88289,0.10139,0.015721,0.11711,0.89861,0.984279,0.309863
2014-06-15,2014,France,Honduras,3,0,group,10,team_a_win,team_b_loss,0,,1,1,0.99175,0.902562,0.089188,0.00825,0.097438,0.910812,0.99175,0.361152
2014-06-15,2014,Switzerland,Ecuador,2,1,group,11,team_a_win,team_b_loss,0,,1,1,0.835512,0.66746,0.168052,0.164488,0.33254,0.831948,0.835512,0.107742
2014-06-16,2014,Germany,Portugal,4,0,group,12,team_a_win,team_b_loss,0,,1,1,0.875082,0.717909,0.157172,0.124918,0.282091,0.842828,0.875082,0.134514
2014-06-16,2014,Ghana,United States,1,2,group,13,team_b_win,team_a_loss,0,,1,1,0.976303,0.023697,0.110119,0.866184,0.976303,0.889881,0.133816,-0.276827
2014-06-16,2014,Iran,Nigeria,0,0,group,14,draw,no_draw,0,,1,0,0.795893,0.47456,0.204107,0.321333,0.52544,0.795893,0.678667,0.029993
2014-06-17,2014,Belgium,Algeria,2,1,group,15,team_a_win,team_b_loss,0,,1,1,0.875146,0.717993,0.157153,0.124854,0.282007,0.842847,0.875146,0.134563
2014-06-17,2014,Brazil,Mexico,0,0,group,16,draw,team_b_loss,0,,1,1,0.993849,0.909685,0.084164,0.006151,0.090315,0.915836,0.993849,0.384344
2014-06-17,2014,Russia,South Korea,1,1,group,17,draw,team_b_loss,0,,1,1,0.835216,0.667088,0.168128,0.164784,0.332912,0.831872,0.835216,0.107561
2014-06-18,2014,Australia,Netherlands,2,3,group,18,team_b_win,team_a_loss,0,,1,1,0.966665,0.033335,0.118053,0.848612,0.966665,0.881947,0.151388,-0.248999
2014-06-18,2014,Cameroon,Croatia,0,4,group,19,team_b_win,team_a_loss,0,,1,1,0.930143,0.069857,0.137914,0.792229,0.930143,0.862086,0.207771,-0.186799
2014-06-18,2014,Spain,Chile,0,2,group,20,team_b_win,team_b_loss,0,,1,0,0.96701,0.84921,0.1178,0.03299,0.15079,0.8822,0.96701,0.249854
2014-06-19,2014,Colombia,Ivory Coast,2,1,group,21,team_a_win,team_b_loss,0,,1,1,0.880101,0.724434,0.155667,0.119899,0.275566,0.844333,0.880101,0.138364
2014-06-19,2014,Japan,Greece,0,0,group,22,draw,no_draw,0,,1,0,0.809136,0.547559,0.190864,0.261577,0.452441,0.809136,0.738423,0.056826
2014-06-19,2014,Uruguay,England,2,1,group,23,team_a_win,team_a_loss,0,,1,0,0.868648,0.131352,0.159054,0.709594,0.868648,0.840946,0.290406,-0.129755
2014-06-20,2014,Honduras,Ecuador,1,2,group,24,team_b_win,team_a_loss,0,,1,1,0.913372,0.086628,0.144572,0.7688,0.913372,0.855428,0.2312,-0.167939
2014-06-20,2014,Italy,Costa Rica,0,1,group,25,team_b_win,team_b_loss,0,,1,0,0.951252,0.823512,0.127739,0.048748,0.176488,0.872261,0.951252,0.217454
2014-06-20,2014,Switzerland,France,2,5,group,26,team_b_win,no_draw,0,,1,1,0.819796,0.21447,0.180204,0.605327,0.78553,0.819796,0.394673,-0.079815
2014-06-21,2014,Argentina,Iran,1,0,group,27,team_a_win,team_b_loss,0,,1,1,0.967006,0.849203,0.117803,0.032994,0.150797,0.882197,0.967006,0.249845
2014-06-21,2014,Germany,Ghana,2,2,group,28,draw,team_b_loss,0,,1,1,0.996921,0.923457,0.073464,0.003079,0.076543,0.926536,0.996921,0.438733
2014-06-21,2014,Nigeria,Bosnia and Herzegovina,1,0,group,29,team_a_win,no_draw,0,,1,1,0.804352,0.521177,0.195648,0.283175,0.478823,0.804352,0.716825,0.046925
2014-06-22,2014,Belgium,Russia,1,0,group,30,team_a_win,no_draw,0,,1,1,0.780393,0.388382,0.219607,0.392011,0.611618,0.780393,0.607989,-0.000715
2014-06-22,2014,South Korea,Algeria,2,4,group,31,team_b_win,no_draw,0,,1,1,0.826352,0.639493,0.173648,0.18686,0.360507,0.826352,0.81314,0.09464
2014-06-22,2014,United States,Portugal,2,2,group,32,draw,no_draw,0,,1,0,0.806594,0.533556,0.193406,0.273038,0.466444,0.806594,0.726962,0.051535
2014-06-23,2014,Australia,Spain,0,3,group,33,team_b_win,team_a_loss,0,,1,1,0.993214,0.006786,0.085811,0.907404,0.993214,0.914189,0.092596,-0.376594
2014-06-23,2014,Brazil,Cameroon,4,1,group,34,team_a_win,team_b_loss,0,,1,1,0.999698,0.939698,0.06,0.000302,0.060302,0.94,0.999698,0.618773
2014-06-23,2014,Croatia,Mexico,1,3,group,35,team_b_win,no_draw,0,,1,1,0.792948,0.334461,0.207052,0.458487,0.665539,0.792948,0.541513,-0.024262
2014-06-23,2014,Netherlands,Chile,2,0,group,36,team_a_win,no_draw,0,,1,1,0.817249,0.591723,0.182751,0.225525,0.408277,0.817249,0.774475,0.074201
2014-06-24,2014,Costa Rica,England,0,0,group,37,draw,team_a_loss,0,,1,1,0.949209,0.050791,0.128846,0.820363,0.949209,0.871154,0.179637,-0.214003
2014-06-24,2014,Greece,Ivory Coast,2,1,group,38,team_a_win,no_draw,0,,1,1,0.809421,0.549124,0.190579,0.260296,0.450876,0.809421,0.739704,0.057423
2014-06-24,2014,Italy,Uruguay,0,1,group,39,team_b_win,no_draw,0,,1,1,0.788739,0.43578,0.211261,0.35296,0.56422,0.788739,0.64704,0.016214
2014-06-24,2014,Japan,Colombia,1,4,group,40,team_b_win,no_draw,0,,1,1,0.815066,0.235114,0.184934,0.579952,0.764886,0.815066,0.420048,-0.069452
2014-06-25,2014,Bosnia and Herzegovina,Iran,3,1,group,41,team_a_win,no_draw,0,,1,1,0.822571,0.20262,0.177429,0.619952,0.79738,0.822571,0.380048,-0.086024
2014-06-25,2014,Ecuador,France,0,0,group,42,draw,team_a_loss,0,,1,1,0.949236,0.050764,0.128832,0.820403,0.949236,0.871168,0.179597,-0.214046
2014-06-25,2014,Honduras,Switzerland,0,3,group,43,team_b_win,team_a_loss,0,,1,1,0.975838,0.024162,0.110553,0.865285,0.975838,0.889447,0.134715,-0.275252
2014-06-25,2014,Nigeria,Argentina,2,3,group,44,team_b_win,team_a_loss,0,,1,1,0.982913,0.017087,0.103097,0.879816,0.982913,0.896903,0.120184,-0.303183
2014-06-26,2014,Algeria,Russia,1,1,group,45,draw,team_a_loss,0,,1,1,0.88598,0.11402,0.153856,0.732124,0.88598,0.846144,0.267876,-0.143044
2014-06-26,2014,South Korea,Belgium,0,1,group,46,team_b_win,team_a_loss,0,,1,1,0.874156,0.125844,0.157446,0.71671,0.874156,0.842554,0.28329,-0.133817
2014-06-26,2014,Portugal,Ghana,2,1,group,47,team_a_win,team_b_loss,0,,1,1,0.961794,0.840377,0.121417,0.038206,0.159623,0.878583,0.961794,0.237759
2014-06-26,2014,United States,Germany,0,1,group,48,team_b_win,team_a_loss,0,,1,1,0.840532,0.159468,0.166751,0.673781,0.840532,0.833249,0.326219,-0.110851
2014-06-28,2014,Brazil,Chile,1,1,knockout,49,draw,team_b_loss,0,,1,1,0.985352,0.885387,0.099966,0.014648,0.114613,0.900034,0.985352,0.31552
2014-06-28,2014,Colombia,Uruguay,2,0,knockout,50,team_a_win,no_draw,1,no_draw_knockout,0,,0.812744,0.567328,0.187256,0.245416,0.432672,0.812744,0.754584,0.06446
2014-06-29,2014,Costa Rica,Greece,1,1,knockout,51,draw,team_a_loss,0,,1,1,0.847135,0.152865,0.165009,0.682126,0.847135,0.834991,0.317874,-0.115051
2014-06-29,2014,Netherlands,Mexico,2,1,knockout,52,team_a_win,team_b_loss,0,,1,1,0.893972,0.742667,0.151304,0.106028,0.257333,0.848696,0.893972,0.149734
2014-06-30,2014,France,Nigeria,2,0,knockout,53,team_a_win,team_b_loss,0,,1,1,0.958352,0.834743,0.123608,0.041648,0.165257,0.876392,0.958352,0.230605
2014-06-30,2014,Germany,Algeria,2,1,knockout,54,team_a_win,team_b_loss,0,,1,1,0.995137,0.914776,0.080361,0.004863,0.085224,0.919639,0.995137,0.402841
2014-07-01,2014,Argentina,Switzerland,1,0,knockout,55,team_a_win,team_b_loss,0,,1,1,0.878558,0.722425,0.156133,0.121442,0.277575,0.843867,0.878558,0.137168
2014-07-01,2014,Belgium,United States,2,1,knockout,56,team_a_win,no_draw,1,no_draw_knockout,0,,0.809375,0.260503,0.190625,0.548872,0.739497,0.809375,0.451128,-0.057327
2014-07-04,2014,Brazil,Colombia,2,1,knockout,57,team_a_win,team_b_loss,0,,1,1,0.970124,0.854692,0.115433,0.029876,0.145308,0.884567,0.970124,0.257976
2014-07-04,2014,France,Germany,0,1,knockout,58,team_b_win,no_draw,1,no_draw_knockout,0,,0.820946,0.209534,0.179054,0.611412,0.790466,0.820946,0.388588,-0.082376
2014-07-05,2014,Argentina,Belgium,1,0,knockout,59,team_a_win,team_b_loss,0,,1,1,0.864242,0.703929,0.160313,0.135758,0.296071,0.839687,0.864242,0.1266
2014-07-05,2014,Netherlands,Costa Rica,0,0,knockout,60,draw,team_b_loss,0,,1,1,0.982405,0.878701,0.103704,0.017595,0.121299,0.896296,0.982405,0.300833
2014-07-08,2014,Brazil,Germany,1,7,knockout,61,team_b_win,team_b_loss,0,,1,0,0.840784,0.674099,0.166685,0.159216,0.325901,0.833315,0.840784,0.111009
2014-07-09,2014,Netherlands,Argentina,0,0,knockout,62,draw,no_draw,1,no_draw_knockout,0,,0.78194,0.38197,0.21806,0.39997,0.61803,0.78194,0.60003,-0.003542
2014-07-12,2014,Brazil,Netherlands,0,3,knockout,63,team_b_win,team_b_loss,0,,1,0,0.936236,0.801008,0.135228,0.063764,0.198992,0.864772,0.936236,0.194667
2014-07-13,2014,Germany,Argentina,1,0,knockout,64,team_a_win,team_b_loss,0,,1,1,0.873263,0.715554,0.157709,0.126737,0.284446,0.842291,0.873263,0.13315
2018-06-14,2018,Russia,Saudi Arabia,5,0,group,1,team_a_win,no_draw,0,,1,1,0.808096,0.541834,0.191904,0.266262,0.458166,0.808096,0.733738,0.054652
2018-06-15,2018,Egypt,Uruguay,0,1,group,2,team_b_win,team_a_loss,0,,1,1,0.87691,0.12309,0.156628,0.720283,0.87691,0.843372,0.279717,-0.135902
2018-06-15,2018,Morocco,Iran,0,1,group,3,team_b_win,no_draw,0,,1,1,0.824147,0.195995,0.175853,0.628153,0.804005,0.824147,0.371847,-0.089592
2018-06-15,2018,Portugal,Spain,3,3,group,4,draw,team_a_loss,0,,1,1,0.943694,0.056306,0.131685,0.812009,0.943694,0.868315,0.187991,-0.205286
2018-06-16,2018,France,Australia,2,1,group,5,team_a_win,team_b_loss,0,,1,1,0.961492,0.839877,0.121615,0.038508,0.160123,0.878385,0.961492,0.237106
2018-06-16,2018,Argentina,Iceland,1,1,group,6,draw,team_b_loss,0,,1,1,0.985495,0.885723,0.099771,0.014505,0.114277,0.900229,0.985495,0.316299
2018-06-16,2018,Peru,Denmark,0,1,group,7,team_b_win,no_draw,0,,1,1,0.819522,0.603873,0.180478,0.21565,0.396127,0.819522,0.78435,0.079208
2018-06-16,2018,Croatia,Nigeria,2,0,group,8,team_a_win,team_b_loss,0,,1,1,0.883043,0.728276,0.154767,0.116957,0.271724,0.845233,0.883043,0.140682
2018-06-17,2018,Costa Rica,Serbia,0,1,group,9,team_b_win,no_draw,0,,1,1,0.784897,0.415389,0.215103,0.369507,0.584611,0.784897,0.630493,0.009003
2018-06-17,2018,Germany,Mexico,0,1,group,10,team_b_win,team_b_loss,0,,1,0,0.944645,0.813435,0.13121,0.055355,0.186565,0.86879,0.944645,0.206731
2018-06-17,2018,Brazil,Switzerland,1,1,group,11,draw,team_b_loss,0,,1,1,0.98495,0.88444,0.10051,0.01505,0.11556,0.89949,0.98495,0.31335
2018-06-18,2018,Sweden,South Korea,1,0,group,12,team_a_win,no_draw,0,,1,1,0.796816,0.479622,0.203184,0.317194,0.520378,0.796816,0.682806,0.031806
2018-06-18,2018,Belgium,Panama,3,0,group,13,team_a_win,team_b_loss,0,,1,1,0.98276,0.879478,0.103281,0.01724,0.120522,0.896719,0.98276,0.302468
2018-06-18,2018,Tunisia,England,1,2,group,14,team_b_win,team_a_loss,0,,1,1,0.987571,0.012429,0.096743,0.890828,0.987571,0.903257,0.109172,-0.328626
2018-06-19,2018,Colombia,Japan,1,2,group,15,team_b_win,no_draw,0,,1,1,0.829638,0.656063,0.170362,0.173575,0.343937,0.829638,0.826425,0.102281
2018-06-19,2018,Poland,Senegal,1,2,group,16,team_b_win,team_b_loss,0,,1,0,0.887402,0.733993,0.15341,0.112598,0.266007,0.84659,0.887402,0.144206
2018-06-19,2018,Russia,Egypt,3,1,group,17,team_a_win,no_draw,0,,1,1,0.818054,0.596039,0.181946,0.222015,0.403961,0.818054,0.777985,0.075966
2018-06-20,2018,Portugal,Morocco,1,0,group,18,team_a_win,team_b_loss,0,,1,1,0.957659,0.833626,0.124033,0.042341,0.166374,0.875967,0.957659,0.229232
2018-06-20,2018,Uruguay,Saudi Arabia,1,0,group,19,team_a_win,team_b_loss,0,,1,1,0.899127,0.749531,0.149596,0.100873,0.250469,0.850404,0.899127,0.154276
2018-06-20,2018,Iran,Spain,0,1,group,20,team_b_win,team_a_loss,0,,1,1,0.98454,0.01546,0.10105,0.88349,0.98454,0.89895,0.11651,-0.311203
2018-06-21,2018,Denmark,Australia,1,1,group,21,draw,no_draw,0,,1,0,0.791913,0.452874,0.208087,0.339039,0.547126,0.791913,0.660961,0.022269
2018-06-21,2018,France,Peru,1,0,group,22,team_a_win,team_b_loss,0,,1,1,0.950128,0.821776,0.128352,0.049872,0.178224,0.871648,0.950128,0.215539
2018-06-21,2018,Argentina,Croatia,0,3,group,23,team_b_win,team_b_loss,0,,1,0,0.892746,0.741043,0.151703,0.107254,0.258957,0.848297,0.892746,0.148682
2018-06-22,2018,Brazil,Costa Rica,2,0,group,24,team_a_win,team_b_loss,0,,1,1,0.998759,0.937251,0.061508,0.001241,0.062749,0.938492,0.998759,0.509783
2018-06-22,2018,Nigeria,Iceland,2,0,group,25,team_a_win,no_draw,0,,1,1,0.790919,0.34342,0.209081,0.4475,0.65658,0.790919,0.5525,-0.020363
2018-06-22,2018,Serbia,Switzerland,1,2,group,26,team_b_win,team_a_loss,0,,1,1,0.930292,0.069708,0.13785,0.792441,0.930292,0.86215,0.207559,-0.186984
2018-06-23,2018,Belgium,Tunisia,5,2,group,27,team_a_win,team_b_loss,0,,1,1,0.985859,0.886593,0.099266,0.014141,0.113407,0.900734,0.985859,0.318331
2018-06-23,2018,South Korea,Mexico,1,2,group,28,team_b_win,team_a_loss,0,,1,1,0.913104,0.086896,0.144672,0.768432,0.913104,0.855328,0.231568,-0.167664
2018-06-23,2018,Germany,Sweden,2,1,group,29,team_a_win,team_b_loss,0,,1,1,0.958983,0.835766,0.123217,0.041017,0.164234,0.876783,0.958983,0.231873
2018-06-24,2018,England,Panama,6,1,group,30,team_a_win,team_b_loss,0,,1,1,0.992593,0.905287,0.087306,0.007407,0.094713,0.912694,0.992593,0.369683
2018-06-24,2018,Japan,Senegal,2,2,group,31,draw,team_b_loss,0,,1,1,0.850218,0.686034,0.164183,0.149782,0.313966,0.835817,0.850218,0.117057
2018-06-24,2018,Poland,Colombia,0,3,group,32,team_b_win,no_draw,0,,1,1,0.789485,0.349708,0.210515,0.439778,0.650292,0.789485,0.560222,-0.017629
2018-06-25,2018,Russia,Uruguay,0,3,group,33,team_b_win,no_draw,0,,1,1,0.808206,0.265766,0.191794,0.542439,0.734234,0.808206,0.457561,-0.054881
2018-06-25,2018,Saudi Arabia,Egypt,2,1,group,34,team_a_win,no_draw,0,,1,1,0.786915,0.426051,0.213085,0.360864,0.573949,0.786915,0.639136,0.012774
2018-06-25,2018,Spain,Morocco,2,2,group,35,draw,team_b_loss,0,,1,1,0.99719,0.92503,0.07216,0.00281,0.07497,0.92784,0.99719,0.445899
2018-06-25,2018,Iran,Portugal,1,1,group,36,draw,team_a_loss,0,,1,1,0.844554,0.155446,0.165694,0.67886,0.844554,0.834306,0.32114,-0.113394
2018-06-26,2018,Australia,Peru,0,2,group,37,team_b_win,no_draw,0,,1,1,0.78919,0.350997,0.21081,0.438192,0.649003,0.78919,0.561808,-0.017068
2018-06-26,2018,Denmark,France,0,0,group,38,draw,team_a_loss,0,,1,1,0.973743,0.026257,0.112435,0.861308,0.973743,0.887565,0.138692,-0.268501
2018-06-26,2018,Nigeria,Argentina,1,2,group,39,team_b_win,team_a_loss,0,,1,1,0.976975,0.023025,0.109479,0.867496,0.976975,0.890521,0.132504,-0.279157
2018-06-26,2018,Iceland,Croatia,1,2,group,40,team_b_win,team_a_loss,0,,1,1,0.930182,0.069818,0.137897,0.792285,0.930182,0.862103,0.207715,-0.186848
2018-06-27,2018,South Korea,Germany,2,0,group,41,team_a_win,team_a_loss,0,,1,0,0.981832,0.018168,0.104374,0.877459,0.981832,0.895626,0.122541,-0.29826
2018-06-27,2018,Mexico,Sweden,0,3,group,42,team_b_win,team_b_loss,0,,1,0,0.871189,0.712872,0.158317,0.128811,0.287128,0.841683,0.871189,0.131612
2018-06-27,2018,Serbia,Brazil,0,2,group,43,team_b_win,team_a_loss,0,,1,1,0.998678,0.001322,0.062275,0.936403,0.998678,0.937725,0.063597,-0.504829
2018-06-27,2018,Switzerland,Costa Rica,2,2,group,44,draw,team_b_loss,0,,1,1,0.946877,0.816804,0.130073,0.053123,0.183196,0.869927,0.946877,0.210214
2018-06-28,2018,Japan,Poland,0,1,group,45,team_b_win,no_draw,0,,1,1,0.784172,0.41159,0.215828,0.372582,0.58841,0.784172,0.627418,0.007659
2018-06-28,2018,Senegal,Colombia,0,1,group,46,team_b_win,team_a_loss,0,,1,1,0.896634,0.103366,0.150429,0.746205,0.896634,0.849571,0.253795,-0.152056
2018-06-28,2018,Panama,Tunisia,1,2,group,47,team_b_win,no_draw,0,,1,1,0.782902,0.377942,0.217098,0.40496,0.622058,0.782902,0.59504,-0.005311
2018-06-28,2018,England,Belgium,0,1,group,48,team_b_win,no_draw,0,,1,1,0.803687,0.517499,0.196313,0.286187,0.482501,0.803687,0.713813,0.045566
2018-06-30,2018,France,Argentina,4,3,knockout,49,team_a_win,team_b_loss,0,,1,1,0.855336,0.692543,0.162793,0.144664,0.307457,0.837207,0.855336,0.120458
2018-06-30,2018,Uruguay,Portugal,2,1,knockout,50,team_a_win,no_draw,1,no_draw_knockout,0,,0.814651,0.236949,0.185349,0.577702,0.763051,0.814651,0.422298,-0.068555
2018-07-01,2018,Russia,Spain,1,1,knockout,51,draw,team_a_loss,0,,1,1,0.993405,0.006595,0.085327,0.908078,0.993405,0.914673,0.091922,-0.378853
2018-07-01,2018,Croatia,Denmark,1,1,knockout,52,draw,no_draw,1,no_draw_knockout,0,,0.805057,0.525072,0.194943,0.279985,0.474928,0.805057,0.720015,0.048369
2018-07-02,2018,Brazil,Mexico,2,0,knockout,53,team_a_win,team_b_loss,0,,1,1,0.990294,0.898189,0.092105,0.009706,0.101811,0.907895,0.990294,0.34828
2018-07-02,2018,Belgium,Japan,3,2,knockout,54,team_a_win,team_b_loss,0,,1,1,0.958173,0.834455,0.123718,0.041827,0.165545,0.876282,0.958173,0.230249
2018-07-03,2018,Sweden,Switzerland,1,0,knockout,55,team_a_win,no_draw,1,no_draw_knockout,0,,0.821534,0.207023,0.178466,0.614511,0.792977,0.821534,0.385489,-0.083692
2018-07-03,2018,Colombia,England,1,1,knockout,56,draw,team_a_loss,0,,1,1,0.880005,0.119995,0.155696,0.724309,0.880005,0.844304,0.275691,-0.13829
2018-07-06,2018,Uruguay,France,0,2,knockout,57,team_b_win,team_a_loss,0,,1,1,0.969619,0.030381,0.115829,0.85379,0.969619,0.884171,0.14621,-0.256605
2018-07-06,2018,Brazil,Belgium,1,2,knockout,58,team_b_win,team_b_loss,0,,1,0,0.912831,0.768058,0.144773,0.087169,0.231942,0.855227,0.912831,0.167386
2018-07-07,2018,Sweden,England,0,2,knockout,59,team_b_win,team_a_loss,0,,1,1,0.943472,0.056528,0.131795,0.811677,0.943472,0.868205,0.188323,-0.204951
2018-07-07,2018,Russia,Croatia,2,2,knockout,60,draw,no_draw,1,no_draw_knockout,0,,0.820701,0.210583,0.179299,0.610118,0.789417,0.820701,0.389882,-0.081829
2018-07-10,2018,France,Belgium,1,0,knockout,61,team_a_win,team_b_loss,0,,1,1,0.833476,0.664901,0.168575,0.166524,0.335099,0.831425,0.833476,0.1065
2018-07-11,2018,Croatia,England,2,1,knockout,62,team_a_win,team_a_loss,0,,1,0,0.898663,0.101337,0.149752,0.748911,0.898663,0.850248,0.251089,-0.153859
2018-07-14,2018,Belgium,England,2,0,knockout,63,team_a_win,no_draw,1,no_draw_knockout,0,,0.799263,0.49308,0.200737,0.306183,0.50692,0.799263,0.693817,0.036653
2018-07-15,2018,France,Croatia,4,2,knockout,64,team_a_win,team_b_loss,0,,1,1,0.96581,0.847142,0.118668,0.03419,0.152858,0.881332,0.96581,0.246918
2022-11-20,2022,Qatar,Ecuador,0,2,group,1,team_b_win,no_draw,0,,1,1,0.7858,0.36565,0.2142,0.42015,0.63435,0.7858,0.57985,-0.010687
2022-11-21,2022,Senegal,Netherlands,0,2,group,2,team_b_win,team_a_loss,0,,1,1,0.994877,0.005123,0.081186,0.913691,0.994877,0.918814,0.086309,-0.398755
2022-11-21,2022,England,Iran,6,2,group,3,team_a_win,team_b_loss,0,,1,1,0.88548,0.731468,0.154012,0.11452,0.268532,0.845988,0.88548,0.142639
2022-11-21,2022,United States,Wales,1,1,group,4,draw,no_draw,0,,1,0,0.828893,0.65234,0.171107,0.176553,0.34766,0.828893,0.823447,0.100534
2022-11-22,2022,Argentina,Saudi Arabia,1,2,group,5,team_b_win,team_b_loss,0,,1,0,0.994322,0.911474,0.082848,0.005678,0.088526,0.917152,0.994322,0.390647
2022-11-22,2022,Mexico,Poland,0,0,group,6,draw,no_draw,0,,1,0,0.789917,0.347821,0.210083,0.442096,0.652179,0.789917,0.557904,-0.018449
2022-11-22,2022,Denmark,Tunisia,0,0,group,7,draw,team_b_loss,0,,1,1,0.949942,0.821489,0.128453,0.050058,0.178511,0.871547,0.949942,0.215226
2022-11-22,2022,France,Australia,4,1,group,8,team_a_win,team_b_loss,0,,1,1,0.958455,0.834911,0.123544,0.041545,0.165089,0.876456,0.958455,0.230812
2022-11-23,2022,Germany,Japan,1,2,group,9,team_b_win,no_draw,0,,1,1,0.822989,0.622132,0.177011,0.200857,0.377868,0.822989,0.799143,0.086966
2022-11-23,2022,Spain,Costa Rica,7,0,group,10,team_a_win,team_b_loss,0,,1,1,0.992615,0.90536,0.087255,0.007385,0.09464,0.912745,0.992615,0.369915
2022-11-23,2022,Morocco,Croatia,0,0,group,11,draw,team_a_loss,0,,1,1,0.836352,0.163648,0.167836,0.668517,0.836352,0.832164,0.331483,-0.108257
2022-11-23,2022,Belgium,Canada,1,0,group,12,team_a_win,team_b_loss,0,,1,1,0.930938,0.793365,0.137573,0.069062,0.206635,0.862427,0.930938,0.18779
2022-11-24,2022,Switzerland,Cameroon,1,0,group,13,team_a_win,team_b_loss,0,,1,1,0.969565,0.853694,0.115871,0.030435,0.146306,0.884129,0.969565,0.256461
2022-11-24,2022,Brazil,Serbia,2,0,group,14,team_a_win,team_b_loss,0,,1,1,0.996159,0.919438,0.076721,0.003841,0.080562,0.923279,0.996159,0.421383
2022-11-24,2022,Uruguay,South Korea,0,0,group,15,draw,no_draw,0,,1,0,0.78913,0.351257,0.21087,0.437873,0.648743,0.78913,0.562127,-0.016955
2022-11-24,2022,Portugal,Ghana,3,2,group,16,team_a_win,team_b_loss,0,,1,1,0.988966,0.894486,0.09448,0.011034,0.105514,0.90552,0.988966,0.338096
2022-11-25,2022,Qatar,Senegal,1,3,group,17,team_b_win,no_draw,0,,1,1,0.824889,0.631984,0.175111,0.192905,0.368016,0.824889,0.807095,0.091282
2022-11-25,2022,Netherlands,Ecuador,1,1,group,18,draw,team_b_loss,0,,1,1,0.979108,0.871757,0.107351,0.020892,0.128243,0.892649,0.979108,0.28701
2022-11-25,2022,Wales,Iran,0,2,group,19,team_b_win,no_draw,0,,1,1,0.794388,0.328059,0.205612,0.466329,0.671941,0.794388,0.533671,-0.027054
2022-11-25,2022,England,United States,0,0,group,20,draw,no_draw,0,,1,0,0.829165,0.653703,0.170835,0.175462,0.346297,0.829165,0.824538,0.101171
2022-11-26,2022,Poland,Saudi Arabia,2,0,group,21,team_a_win,no_draw,0,,1,1,0.816494,0.587665,0.183506,0.228829,0.412335,0.816494,0.771171,0.072552
2022-11-26,2022,Argentina,Mexico,2,0,group,22,team_a_win,team_b_loss,0,,1,1,0.986623,0.888451,0.098172,0.013377,0.111549,0.901828,0.986623,0.322763
2022-11-26,2022,Tunisia,Australia,0,1,group,23,team_b_win,no_draw,0,,1,1,0.828156,0.179517,0.171844,0.648639,0.820483,0.828156,0.351361,-0.098816
2022-11-26,2022,France,Denmark,2,1,group,24,team_a_win,team_b_loss,0,,1,1,0.904856,0.757223,0.147633,0.095144,0.242777,0.852367,0.904856,0.159559
2022-11-27,2022,Japan,Costa Rica,0,1,group,25,team_b_win,team_b_loss,0,,1,0,0.911794,0.76664,0.145154,0.088206,0.23336,0.854846,0.911794,0.166334
2022-11-27,2022,Spain,Germany,1,1,group,26,draw,team_b_loss,0,,1,1,0.881545,0.726319,0.155227,0.118455,0.273681,0.844773,0.881545,0.139497
2022-11-27,2022,Belgium,Morocco,0,2,group,27,team_b_win,team_b_loss,0,,1,0,0.96542,0.846475,0.118945,0.03458,0.153525,0.881055,0.96542,0.245985
2022-11-27,2022,Croatia,Canada,4,1,group,28,team_a_win,no_draw,0,,1,1,0.816614,0.588312,0.183386,0.228302,0.411688,0.816614,0.771698,0.072814
2022-11-28,2022,Cameroon,Serbia,3,3,group,29,draw,team_a_loss,0,,1,1,0.925467,0.074533,0.139869,0.785598,0.925467,0.860131,0.214402,-0.181169
2022-11-28,2022,Brazil,Switzerland,1,0,group,30,team_a_win,team_b_loss,0,,1,1,0.987852,0.891549,0.096304,0.012148,0.108451,0.903696,0.987852,0.330449
2022-11-28,2022,South Korea,Ghana,2,3,group,31,team_b_win,team_b_loss,0,,1,0,0.976601,0.866763,0.109837,0.023399,0.133237,0.890163,0.976601,0.27785
2022-11-28,2022,Portugal,Uruguay,2,0,group,32,team_a_win,no_draw,0,,1,1,0.826906,0.642313,0.173094,0.184593,0.357687,0.826906,0.815407,0.095917
2022-11-29,2022,Ecuador,Senegal,1,2,group,33,team_b_win,no_draw,0,,1,1,0.82559,0.635593,0.17441,0.189997,0.364407,0.82559,0.810003,0.092888
2022-11-29,2022,Qatar,Netherlands,0,2,group,34,team_b_win,team_a_loss,0,,1,1,0.981067,0.018933,0.105243,0.875824,0.981067,0.894757,0.124176,-0.294942
2022-11-29,2022,Wales,England,0,3,group,35,team_b_win,team_a_loss,0,,1,1,0.942031,0.057969,0.132502,0.809529,0.942031,0.867498,0.190471,-0.202811
2022-11-29,2022,Iran,United States,0,1,group,36,team_b_win,no_draw,0,,1,1,0.813254,0.243146,0.186746,0.570108,0.756854,0.813254,0.429892,-0.065551
2022-11-30,2022,Poland,Argentina,0,2,group,37,team_b_win,team_a_loss,0,,1,1,0.983152,0.016848,0.102806,0.880346,0.983152,0.897194,0.119654,-0.304314
2022-11-30,2022,Saudi Arabia,Mexico,1,2,group,38,team_b_win,no_draw,0,,1,1,0.80525,0.279116,0.19475,0.526134,0.720884,0.80525,0.473866,-0.048764
2022-11-30,2022,Australia,Denmark,1,0,group,39,team_a_win,no_draw,0,,1,1,0.824313,0.195301,0.175687,0.629012,0.804699,0.824313,0.370988,-0.08997
2022-11-30,2022,Tunisia,France,1,0,group,40,team_a_win,team_a_loss,0,,1,0,0.993535,0.006465,0.084995,0.90854,0.993535,0.915005,0.09146,-0.380414
2022-12-01,2022,Japan,Spain,2,1,group,41,team_a_win,team_a_loss,0,,1,0,0.952134,0.047866,0.127251,0.824883,0.952134,0.872749,0.175117,-0.218987
2022-12-01,2022,Costa Rica,Germany,2,4,group,42,team_b_win,team_a_loss,0,,1,1,0.954094,0.045906,0.126142,0.827952,0.954094,0.873858,0.172048,-0.222489
2022-12-01,2022,Croatia,Belgium,0,0,group,43,draw,no_draw,0,,1,0,0.81526,0.234257,0.18474,0.581003,0.765743,0.81526,0.418997,-0.069872
2022-12-01,2022,Canada,Morocco,1,2,group,44,team_b_win,no_draw,0,,1,1,0.78469,0.370388,0.21531,0.414301,0.629612,0.78469,0.585699,-0.008619
2022-12-02,2022,Serbia,Switzerland,2,3,group,45,team_b_win,no_draw,0,,1,1,0.820304,0.212283,0.179696,0.608021,0.787717,0.820304,0.391979,-0.080945
2022-12-02,2022,Cameroon,Brazil,1,0,group,46,team_a_win,team_a_loss,0,,1,0,0.999604,0.000396,0.06,0.939604,0.999604,0.94,0.060396,-0.597796
2022-12-02,2022,Ghana,Uruguay,0,2,group,47,team_b_win,team_a_loss,0,,1,1,0.95944,0.04056,0.12293,0.83651,0.95944,0.87707,0.16349,-0.232804
2022-12-02,2022,South Korea,Portugal,2,1,group,48,team_a_win,team_a_loss,0,,1,0,0.870152,0.129848,0.158618,0.711534,0.870152,0.841382,0.288466,-0.130851
2022-12-03,2022,Netherlands,United States,3,1,knockout,49,team_a_win,team_b_loss,0,,1,1,0.934996,0.799208,0.135788,0.065004,0.200792,0.864212,0.934996,0.193013
2022-12-03,2022,Argentina,Australia,2,1,knockout,50,team_a_win,team_b_loss,0,,1,1,0.983457,0.881027,0.10243,0.016543,0.118973,0.89757,0.983457,0.305779
2022-12-04,2022,France,Poland,3,1,knockout,51,team_a_win,team_b_loss,0,,1,1,0.945924,0.815361,0.130562,0.054076,0.184639,0.869438,0.945924,0.20871
2022-12-04,2022,England,Senegal,3,0,knockout,52,team_a_win,team_b_loss,0,,1,1,0.987204,0.889899,0.097306,0.012796,0.110101,0.902694,0.987204,0.326308
2022-12-05,2022,Japan,Croatia,1,1,knockout,53,draw,no_draw,1,no_draw_knockout,0,,0.784018,0.410782,0.215982,0.373236,0.589218,0.784018,0.626764,0.007373
2022-12-05,2022,Brazil,South Korea,4,1,knockout,54,team_a_win,team_b_loss,0,,1,1,0.99012,0.897691,0.092429,0.00988,0.102309,0.907571,0.99012,0.346874
2022-12-06,2022,Morocco,Spain,0,0,knockout,55,draw,team_a_loss,0,,1,1,0.967408,0.032592,0.117507,0.849901,0.967408,0.882493,0.150099,-0.25085
2022-12-06,2022,Portugal,Switzerland,6,1,knockout,56,team_a_win,no_draw,1,no_draw_knockout,0,,0.81252,0.566107,0.18748,0.246413,0.433893,0.81252,0.753587,0.063983
2022-12-09,2022,Croatia,Brazil,1,1,knockout,57,draw,team_a_loss,0,,1,1,0.98954,0.01046,0.093483,0.896057,0.98954,0.906517,0.103943,-0.342339
2022-12-09,2022,Netherlands,Argentina,2,2,knockout,58,draw,no_draw,1,no_draw_knockout,0,,0.793937,0.330065,0.206063,0.463872,0.669935,0.793937,0.536128,-0.026178
2022-12-10,2022,Morocco,Portugal,1,0,knockout,59,team_a_win,team_a_loss,0,,1,0,0.922202,0.077798,0.141185,0.781016,0.922202,0.858815,0.218984,-0.177421
2022-12-10,2022,England,France,1,2,knockout,60,team_b_win,no_draw,1,no_draw_knockout,0,,0.806724,0.272454,0.193276,0.53427,0.727546,0.806724,0.46573,-0.051803
2022-12-13,2022,Argentina,Croatia,3,0,knockout,61,team_a_win,team_b_loss,0,,1,1,0.966914,0.849043,0.117871,0.033086,0.150957,0.882129,0.966914,0.249616
2022-12-14,2022,France,Morocco,2,0,knockout,62,team_a_win,team_b_loss,0,,1,1,0.970518,0.855397,0.115121,0.029482,0.144603,0.884879,0.970518,0.259059
2022-12-17,2022,Croatia,Morocco,2,1,knockout,63,team_a_win,no_draw,1,no_draw_knockout,0,,0.818966,0.60091,0.181034,0.218056,0.39909,0.818966,0.781944,0.077976
2022-12-18,2022,Argentina,France,3,3,knockout,64,draw,no_draw,1,no_draw_knockout,0,,0.792281,0.454865,0.207719,0.337415,0.545135,0.792281,0.662585,0.022976
