date,year,team_a,team_b,score_a,score_b,result_decision,shootout_winner,actual_winner,predicted_winner,model_edge,correct_decisive,population_edge,climate_edge,wealth_edge,ranking_edge
1994-06-17,1994,Germany,Bolivia,1,0,goals,,Germany,Germany,0.66599,1,0.274575,-0.129363,0.37574,0.834459
1994-06-17,1994,Spain,South Korea,2,2,draw,,draw,Spain,0.155724,,-0.014121,0.073501,0.042196,0.205277
1994-06-18,1994,Colombia,Romania,1,3,goals,,Romania,Colombia,0.076716,0,0.050749,-0.125352,0.041307,0.104565
1994-06-18,1994,Italy,Republic of Ireland,0,1,goals,,Republic of Ireland,Italy,0.255555,0,0.322021,0.204175,0.044478,0.334792
1994-06-18,1994,United States,Switzerland,1,1,draw,,draw,Switzerland,-0.121421,,0.422936,0.140309,-0.017312,-0.185997
1994-06-19,1994,Belgium,Morocco,1,0,goals,,Belgium,Belgium,0.096045,1,-0.110065,-0.127068,0.364844,0.017809
1994-06-19,1994,Cameroon,Sweden,2,2,draw,,draw,Sweden,-0.278209,,0.043071,0.330055,-0.4921,-0.249446
1994-06-19,1994,Norway,Mexico,1,0,goals,,Norway,Mexico,-0.08326,0,-0.352615,-0.583876,0.173397,-0.136072
1994-06-20,1994,Brazil,Russia,2,0,goals,,Brazil,Brazil,0.261539,1,0.008232,0.542488,0.058177,0.318534
1994-06-20,1994,Netherlands,Saudi Arabia,2,1,goals,,Netherlands,Netherlands,0.241237,1,0.021886,0.284596,-0.152176,0.383815
1994-06-21,1994,Argentina,Greece,4,0,goals,,Argentina,Argentina,0.259872,1,0.138931,-0.00663,-0.072709,0.401437
1994-06-21,1994,Germany,Spain,1,1,draw,,draw,Germany,0.293861,,0.084212,-0.179405,0.07483,0.410554
1994-06-21,1994,Nigeria,Bulgaria,3,0,goals,,Nigeria,Nigeria,0.020158,1,0.297082,-0.348518,-0.184229,0.116914
1994-06-22,1994,Romania,Switzerland,1,4,goals,,Switzerland,Switzerland,-0.002065,1,0.137419,0.172491,-0.351382,0.109829
1994-06-22,1994,United States,Colombia,2,1,goals,,United States,Colombia,-0.087316,0,0.234768,0.093171,0.292763,-0.242772
1994-06-23,1994,Italy,Norway,1,0,goals,,Italy,Italy,0.259326,1,0.300006,0.689033,-0.014582,0.32684
1994-06-23,1994,South Korea,Bolivia,0,0,draw,,draw,South Korea,0.211562,,0.204484,-0.023458,0.258714,0.211611
1994-06-24,1994,Brazil,Cameroon,3,0,goals,,Brazil,Brazil,0.450153,1,0.294803,-0.026939,0.289489,0.545188
1994-06-24,1994,Mexico,Republic of Ireland,2,1,goals,,Mexico,Republic of Ireland,-0.100932,0,0.374631,0.099017,-0.114337,-0.117456
1994-06-24,1994,Sweden,Russia,3,1,goals,,Sweden,Sweden,0.086157,1,-0.329642,0.239372,0.260788,0.017809
1994-06-25,1994,Argentina,Nigeria,2,1,goals,,Argentina,Argentina,0.220898,1,-0.132595,0.504398,0.246612,0.19616
1994-06-25,1994,Belgium,Netherlands,1,0,goals,,Belgium,Netherlands,-0.198386,0,-0.048871,0.016802,-0.007951,-0.285145
1994-06-25,1994,Saudi Arabia,Morocco,2,1,goals,,Saudi Arabia,Saudi Arabia,0.095754,1,-0.08308,-0.428466,0.52497,-0.019181
1994-06-26,1994,Bulgaria,Greece,4,0,goals,,Bulgaria,Greece,-0.00235,0,-0.025556,-0.16251,-0.135092,0.057688
1994-06-26,1994,Switzerland,Colombia,0,2,goals,,Colombia,Switzerland,0.102049,0,-0.188169,-0.047138,0.310075,0.041695
1994-06-26,1994,United States,Romania,0,1,goals,,Romania,Romania,-0.066432,1,0.285517,-0.032182,0.334069,-0.219124
1994-06-27,1994,Bolivia,Spain,1,3,goals,,Spain,Spain,-0.370638,1,-0.190363,-0.050042,-0.300909,-0.421746
1994-06-27,1994,Germany,South Korea,3,2,goals,,Germany,Germany,0.373803,1,0.070091,-0.105904,0.117026,0.506002
1994-06-28,1994,Brazil,Sweden,1,1,draw,,draw,Brazil,0.161798,,0.337874,0.303116,-0.202611,0.281038
1994-06-28,1994,Republic of Ireland,Norway,0,0,draw,,draw,Republic of Ireland,0.142004,,-0.022016,0.484858,-0.059061,0.192385
1994-06-28,1994,Italy,Mexico,1,1,draw,,draw,Italy,0.223167,,-0.05261,0.105158,0.158815,0.25903
1994-06-28,1994,Russia,Cameroon,6,1,goals,,Russia,Russia,0.155414,1,0.286571,-0.569427,0.231312,0.178538
1994-06-29,1994,Belgium,Saudi Arabia,0,1,goals,,Saudi Arabia,Belgium,0.075036,0,-0.026985,0.301398,-0.160126,0.145315
1994-06-29,1994,Morocco,Netherlands,1,2,goals,,Netherlands,Netherlands,-0.35349,1,0.061194,0.143869,-0.372795,-0.388546
1994-06-30,1994,Argentina,Bulgaria,0,2,goals,,Bulgaria,Argentina,0.281913,0,0.164487,0.15588,0.062383,0.372288
1994-06-30,1994,Greece,Nigeria,0,2,goals,,Nigeria,Nigeria,-0.04083,1,-0.271526,0.511028,0.319321,-0.207965
1994-07-02,1994,Germany,Belgium,3,2,goals,,Germany,Germany,0.406441,1,0.243176,-0.064213,0.011877,0.58587
1994-07-02,1994,Spain,Switzerland,3,0,goals,,Spain,Spain,0.070801,1,0.201991,0.383129,-0.129486,0.118835
1994-07-03,1994,Romania,Argentina,3,2,goals,,Romania,Argentina,-0.072996,0,-0.049031,-0.245791,-0.137378,-0.037496
1994-07-03,1994,Saudi Arabia,Sweden,1,3,goals,,Sweden,Sweden,-0.131145,1,0.043484,0.235993,0.157276,-0.26478
1994-07-04,1994,Netherlands,Republic of Ireland,2,0,goals,,Netherlands,Netherlands,0.120099,1,0.169635,0.066024,0.053791,0.147324
1994-07-04,1994,United States,Brazil,0,1,goals,,Brazil,Brazil,-0.330357,1,0.058535,0.106647,0.248981,-0.577564
1994-07-05,1994,Mexico,Bulgaria,1,1,penalties,Bulgaria,Bulgaria,Mexico,0.179434,0,0.274931,0.021727,0.049677,0.236491
1994-07-05,1994,Nigeria,Italy,1,2,goals,,Italy,Italy,-0.35918,1,0.074761,-0.475402,-0.392721,-0.344895
1994-07-09,1994,Italy,Spain,2,1,goals,,Italy,Italy,0.142584,1,0.042293,0.006157,0.061592,0.183269
1994-07-09,1994,Netherlands,Brazil,2,3,goals,,Brazil,Brazil,-0.058058,1,-0.272504,0.217473,0.207712,-0.17121
1994-07-10,1994,Bulgaria,Germany,2,1,goals,,Bulgaria,Germany,-0.431321,0,-0.26424,0.058678,-0.22173,-0.545188
1994-07-10,1994,Romania,Sweden,2,2,penalties,Sweden,Sweden,Sweden,-0.08112,1,0.110891,0.441944,-0.2877,-0.046958
1994-07-13,1994,Bulgaria,Italy,1,2,goals,,Italy,Italy,-0.373693,1,-0.222321,-0.126884,-0.208492,-0.453627
1994-07-13,1994,Sweden,Brazil,0,1,goals,,Brazil,Brazil,-0.218762,1,-0.337874,-0.303116,0.202611,-0.363595
1994-07-16,1994,Sweden,Bulgaria,4,0,goals,,Sweden,Sweden,0.234129,1,0.004565,-0.531855,0.212704,0.300725
1994-07-17,1994,Brazil,Italy,0,0,penalties,Brazil,Brazil,Brazil,0.023186,1,0.120117,-0.355624,-0.198399,0.129515
1998-06-10,1998,Brazil,Scotland,2,1,goals,,Brazil,Brazil,0.426254,1,0.123821,-0.086981,-0.197664,0.693885
1998-06-10,1998,Morocco,Norway,2,2,draw,,draw,Norway,-0.143633,,0.213341,0.694752,-0.394031,-0.118835
1998-06-11,1998,Cameroon,Austria,1,1,draw,,draw,Austria,-0.143427,,0.066784,0.067315,-0.506676,-0.030133
1998-06-11,1998,Italy,Chile,2,2,draw,,draw,Italy,0.254155,,0.154465,0.255506,0.203137,0.273987
1998-06-12,1998,France,South Africa,3,0,goals,,France,France,0.397584,1,0.030782,-0.088062,0.22174,0.501803
1998-06-12,1998,Paraguay,Bulgaria,0,0,draw,,draw,Bulgaria,-0.05835,,-0.060835,-0.135178,0.03058,-0.084968
1998-06-12,1998,Saudi Arabia,Denmark,0,1,goals,,Denmark,Denmark,-0.086254,1,0.120593,-0.154104,0.124594,-0.160729
1998-06-13,1998,South Korea,Mexico,1,3,goals,,Mexico,South Korea,0.067175,0,-0.084534,0.0255,0.071276,0.070908
1998-06-13,1998,Netherlands,Belgium,0,0,draw,,draw,Netherlands,0.167509,,0.0503,-0.016802,0.025322,0.23408
1998-06-13,1998,Spain,Nigeria,2,3,goals,,Nigeria,Spain,0.408925,0,-0.127286,0.469245,0.359478,0.43024
1998-06-14,1998,Argentina,Japan,1,0,goals,,Argentina,Argentina,0.113223,1,-0.145226,0.003176,-0.149777,0.220233
1998-06-14,1998,Jamaica,Croatia,1,3,goals,,Croatia,Croatia,-0.211577,1,-0.066151,-0.341987,-0.080567,-0.251702
1998-06-14,1998,Serbia,Iran,1,0,goals,,Serbia,Serbia,0.077308,1,-0.249858,-0.112069,-0.090694,0.156643
1998-06-15,1998,England,Tunisia,2,0,goals,,England,England,0.350398,1,0.211391,-0.180767,0.282032,0.415673
1998-06-15,1998,Germany,United States,2,0,goals,,Germany,Germany,0.334068,1,-0.141372,0.063415,-0.049837,0.499667
1998-06-15,1998,Romania,Colombia,1,0,goals,,Romania,Romania,0.145863,1,-0.060423,0.125352,-0.041345,0.218168
1998-06-16,1998,Brazil,Morocco,3,0,goals,,Brazil,Brazil,0.389916,1,0.211286,-0.361342,0.162368,0.529389
1998-06-16,1998,Scotland,Norway,1,1,draw,,draw,Norway,-0.191973,,0.300807,0.42039,-0.034,-0.300725
1998-06-17,1998,Chile,Austria,1,1,draw,,draw,Chile,0.021122,,0.074616,0.140494,-0.214143,0.096937
1998-06-17,1998,Italy,Cameroon,3,0,goals,,Italy,Italy,0.404584,1,0.162298,0.328685,0.495669,0.380593
1998-06-18,1998,France,Saudi Arabia,4,0,goals,,France,France,0.275563,1,0.162602,0.352729,-0.144777,0.423906
1998-06-18,1998,South Africa,Denmark,1,1,draw,,draw,Denmark,-0.240373,,0.252413,0.286687,-0.241923,-0.285145
1998-06-19,1998,Nigeria,Bulgaria,1,0,goals,,Nigeria,Bulgaria,-0.073985,0,0.311894,-0.348518,-0.139503,-0.035945
1998-06-19,1998,Spain,Paraguay,0,0,draw,,draw,Spain,0.362017,,0.245443,0.255905,0.189395,0.43394
1998-06-20,1998,Belgium,Mexico,2,2,draw,,draw,Belgium,0.021282,,-0.260835,-0.016192,0.15954,-0.022008
1998-06-20,1998,Japan,Croatia,0,1,goals,,Croatia,Croatia,-0.044509,1,0.388036,0.086537,0.184815,-0.143362
1998-06-20,1998,Netherlands,South Korea,5,0,goals,,Netherlands,Netherlands,0.121394,1,-0.126,-0.058493,0.113586,0.140843
1998-06-21,1998,Argentina,Jamaica,5,0,goals,,Argentina,Argentina,0.297358,1,0.308961,0.431701,0.115605,0.353307
1998-06-21,1998,Germany,Serbia,2,2,draw,,draw,Germany,0.315459,,0.277876,-0.100961,0.26739,0.363595
1998-06-21,1998,United States,Iran,1,2,goals,,Iran,United States,0.078331,0,0.169391,-0.276444,0.226533,0.049023
1998-06-22,1998,Colombia,Tunisia,1,0,goals,,Colombia,Tunisia,-0.036334,0,0.160476,-0.31874,0.040128,-0.046425
1998-06-22,1998,Romania,England,2,1,goals,,Romania,England,-0.224517,0,-0.111338,-0.01262,-0.283249,-0.220233
1998-06-23,1998,Brazil,Norway,1,2,goals,,Norway,Brazil,0.259867,0,0.424627,0.333409,-0.231663,0.43024
1998-06-23,1998,Chile,Cameroon,1,1,draw,,draw,Chile,0.166236,,0.007833,0.073179,0.292533,0.129515
1998-06-23,1998,Italy,Austria,2,1,goals,,Italy,Italy,0.26393,1,0.229082,0.396,-0.011006,0.354479
1998-06-23,1998,Scotland,Morocco,0,3,goals,,Morocco,Morocco,-0.015385,1,0.087465,-0.274362,0.360032,-0.134129
1998-06-24,1998,France,Denmark,2,1,goals,,France,France,0.186448,1,0.283194,0.198625,-0.020183,0.25903
1998-06-24,1998,Nigeria,Paraguay,1,3,goals,,Paraguay,Paraguay,-0.00608,1,0.372729,-0.21334,-0.170083,0.06287
1998-06-24,1998,South Africa,Saudi Arabia,2,2,draw,,draw,Saudi Arabia,-0.120547,,0.13182,0.440791,-0.366517,-0.075762
1998-06-24,1998,Spain,Bulgaria,6,1,goals,,Spain,Spain,0.263763,1,0.184608,0.120727,0.219975,0.291141
1998-06-25,1998,Belgium,South Korea,1,1,draw,,draw,Belgium,0.049821,,-0.176301,-0.041692,0.088264,0.045801
1998-06-25,1998,Germany,Iran,2,0,goals,,Germany,Germany,0.346805,1,0.028019,-0.21303,0.176695,0.453627
1998-06-25,1998,Netherlands,Mexico,2,2,draw,,draw,Netherlands,0.149042,,-0.210534,-0.032993,0.184862,0.154466
1998-06-25,1998,United States,Serbia,0,1,goals,,Serbia,Serbia,-0.052409,1,0.419248,-0.164376,0.317227,-0.185057
1998-06-26,1998,Argentina,Croatia,1,0,goals,,Argentina,Argentina,0.073946,1,0.24281,0.089714,0.035038,0.084454
1998-06-26,1998,Colombia,England,0,2,goals,,England,England,-0.367933,1,-0.050915,-0.137973,-0.241904,-0.434854
1998-06-26,1998,Japan,Jamaica,1,2,goals,,Jamaica,Japan,0.166234,0,0.454187,0.428525,0.265382,0.10713
1998-06-26,1998,Romania,Tunisia,1,1,draw,,draw,Romania,0.19055,,0.100053,-0.193387,-0.001218,0.289164
1998-06-27,1998,Brazil,Chile,4,1,goals,,Brazil,Brazil,0.411405,1,0.28148,-0.100118,-0.005618,0.60145
1998-06-27,1998,Italy,Norway,1,0,goals,,Italy,Italy,0.083976,1,0.297613,0.689033,-0.022908,0.075762
1998-06-28,1998,France,Paraguay,1,0,goals,,France,France,0.403489,1,0.292436,0.192045,0.228028,0.483994
1998-06-28,1998,Nigeria,Denmark,1,4,goals,,Denmark,Denmark,-0.240014,1,0.363488,-0.206759,-0.418294,-0.186576
1998-06-29,1998,Germany,Mexico,2,1,goals,,Germany,Germany,0.297568,1,-0.017794,-0.080404,0.167963,0.376487
1998-06-29,1998,Netherlands,Serbia,2,1,goals,,Netherlands,Netherlands,0.110303,1,0.085136,-0.05355,0.284289,0.059503
1998-06-30,1998,Argentina,England,2,2,penalties,Argentina,Argentina,England,-0.075007,0,-0.055378,0.233171,-0.135346,-0.075762
1998-06-30,1998,Romania,Croatia,0,1,goals,,Croatia,Croatia,-0.000326,1,0.18685,-0.156077,-0.112865,0.049023
1998-07-03,1998,Brazil,Denmark,3,2,goals,,Brazil,Brazil,0.255266,1,0.403668,-0.086981,-0.214303,0.448049
1998-07-03,1998,France,Italy,0,0,penalties,France,France,France,0.058765,1,0.006541,-0.070018,-0.014635,0.095448
1998-07-04,1998,Germany,Croatia,0,3,goals,,Croatia,Germany,0.250719,0,0.337651,-0.124844,0.184336,0.300725
1998-07-04,1998,Netherlands,Argentina,2,1,goals,,Netherlands,Netherlands,0.012339,1,-0.097899,-0.167147,0.166198,-0.028803
1998-07-07,1998,Brazil,Netherlands,1,1,penalties,Brazil,Brazil,Brazil,0.142269,1,0.277098,-0.217473,-0.228515,0.300725
1998-07-08,1998,France,Croatia,2,1,goals,,France,France,0.238177,1,0.301535,-0.0093,0.16684,0.281038
1998-07-11,1998,Netherlands,Croatia,1,2,goals,,Croatia,Netherlands,0.166021,0,0.144911,-0.077433,0.201236,0.17121
1998-07-12,1998,France,Brazil,3,0,goals,,France,Brazil,-0.02776,0,-0.120474,0.285606,0.19412,-0.129515
2002-05-31,2002,France,Senegal,0,1,goals,,Senegal,France,0.596888,0,0.207055,0.468766,0.514579,0.641644
2002-06-01,2002,Germany,Saudi Arabia,8,0,goals,,Germany,Germany,0.081934,1,0.178059,0.237185,-0.084284,0.129515
2002-06-01,2002,Republic of Ireland,Cameroon,1,1,draw,,draw,Republic of Ireland,0.187387,,-0.161609,0.12451,0.535405,0.070908
2002-06-01,2002,Uruguay,Denmark,1,2,goals,,Denmark,Denmark,-0.182173,1,-0.057645,0.29081,-0.217985,-0.205277
2002-06-02,2002,Argentina,Nigeria,1,0,goals,,Argentina,Argentina,0.361347,1,-0.14638,0.504398,0.189355,0.420656
2002-06-02,2002,England,Sweden,1,1,draw,,draw,England,0.131095,,0.220928,0.454565,-0.01233,0.158318
2002-06-02,2002,Paraguay,South Africa,2,2,draw,,draw,South Africa,-0.002359,,-0.257802,-0.280106,-0.04659,0.037496
2002-06-02,2002,Spain,Slovenia,3,1,goals,,Spain,Spain,0.299264,1,0.353686,0.173293,0.038567,0.402059
2002-06-03,2002,Brazil,Turkey,2,1,goals,,Brazil,Brazil,0.26667,1,0.114162,-0.255719,0.009606,0.399873
2002-06-03,2002,Croatia,Mexico,0,1,goals,,Mexico,Mexico,-0.005757,1,-0.368584,0.04444,0.016111,-0.012059
2002-06-03,2002,Italy,Ecuador,2,0,goals,,Italy,Italy,0.351895,1,0.171278,0.155513,0.297239,0.388546
2002-06-04,2002,China,Costa Rica,0,2,goals,,Costa Rica,Costa Rica,-0.021792,1,0.670369,0.020185,-0.16717,0.017809
2002-06-04,2002,Japan,Belgium,2,2,draw,,draw,Japan,0.02599,,0.292912,0.147169,-0.010988,0.026739
2002-06-04,2002,South Korea,Poland,2,0,goals,,South Korea,South Korea,0.104522,1,0.025666,0.156348,0.122356,0.095448
2002-06-05,2002,Germany,Republic of Ireland,1,1,draw,,draw,Germany,0.068007,,0.354839,0.018613,-0.034488,0.104565
2002-06-05,2002,Russia,Tunisia,2,0,goals,,Russia,Russia,0.000555,1,0.312353,-0.874704,0.035061,0.046958
2002-06-05,2002,United States,Portugal,3,2,goals,,United States,Portugal,-0.108579,0,0.386836,-0.282879,0.121735,-0.186576
2002-06-06,2002,Cameroon,Saudi Arabia,1,0,goals,,Cameroon,Saudi Arabia,-0.106366,0,-0.015171,0.094062,-0.5852,0.051279
2002-06-06,2002,Denmark,Senegal,1,1,draw,,draw,Denmark,0.28198,,-0.077673,0.27014,0.529899,0.198225
2002-06-06,2002,France,Uruguay,0,0,draw,,draw,France,0.500276,,0.342373,-0.092185,0.202665,0.653326
2002-06-07,2002,Argentina,England,0,1,goals,,England,Argentina,0.152761,0,-0.051933,0.233171,-0.20918,0.281038
2002-06-07,2002,Spain,Paraguay,3,1,goals,,Spain,Spain,0.334622,1,0.240598,0.255905,0.245501,0.373979
2002-06-07,2002,Sweden,Nigeria,2,1,goals,,Sweden,Sweden,0.113902,1,-0.315376,-0.183337,0.410865,0.034067
2002-06-08,2002,Brazil,China,4,0,goals,,Brazil,Brazil,0.275064,1,-0.229716,-0.033661,0.192149,0.334792
2002-06-08,2002,Italy,Croatia,1,2,goals,,Croatia,Italy,0.230767,0,0.301439,0.060718,0.158783,0.268147
2002-06-08,2002,South Africa,Slovenia,1,0,goals,,South Africa,Slovenia,-0.0325,0,0.37089,0.197494,-0.160344,-0.008692
2002-06-09,2002,Costa Rica,Turkey,1,1,draw,,draw,Costa Rica,0.058522,,-0.326491,-0.242243,-0.015373,0.11267
2002-06-09,2002,Japan,Russia,1,0,goals,,Japan,Japan,0.22002,1,-0.015292,0.923932,0.247737,0.162381
2002-06-09,2002,Mexico,Ecuador,2,1,goals,,Mexico,Mexico,0.193897,1,0.238422,0.050356,0.122346,0.229577
2002-06-10,2002,South Korea,United States,1,1,draw,,draw,United States,-0.063276,,-0.209612,0.169319,-0.10506,-0.06287
2002-06-10,2002,Portugal,Poland,4,0,goals,,Portugal,Portugal,0.252191,1,-0.151557,0.269908,0.105682,0.309842
2002-06-10,2002,Tunisia,Belgium,1,1,draw,,draw,Belgium,-0.207679,,-0.004149,0.097941,-0.293786,-0.201577
2002-06-11,2002,Cameroon,Germany,0,2,goals,,Germany,Germany,-0.208498,1,-0.19323,-0.143123,-0.500917,-0.107507
2002-06-11,2002,Denmark,France,2,0,goals,,Denmark,France,-0.305814,0,-0.284728,-0.198625,0.01532,-0.43024
2002-06-11,2002,Saudi Arabia,Republic of Ireland,0,3,goals,,Republic of Ireland,Republic of Ireland,-0.071466,1,0.17678,-0.218572,0.049795,-0.10834
2002-06-11,2002,Senegal,Uruguay,3,3,draw,,draw,Uruguay,-0.081996,,0.135319,-0.560951,-0.311914,0.032865
2002-06-12,2002,Nigeria,England,0,0,draw,,draw,England,-0.271107,,0.094447,-0.271227,-0.398535,-0.230227
2002-06-12,2002,Slovenia,Paraguay,1,3,goals,,Paraguay,Slovenia,0.036284,0,-0.113088,0.082612,0.206934,-0.026739
2002-06-12,2002,South Africa,Spain,2,3,goals,,Spain,Spain,-0.345211,1,0.017204,0.024201,-0.198911,-0.43024
2002-06-12,2002,Sweden,Argentina,1,1,draw,,draw,Argentina,-0.204336,,-0.168995,-0.687736,0.22151,-0.324112
2002-06-13,2002,Costa Rica,Brazil,2,5,goals,,Brazil,Brazil,-0.240984,1,-0.440653,0.013476,-0.024979,-0.334792
2002-06-13,2002,Ecuador,Croatia,1,0,goals,,Ecuador,Croatia,-0.154661,0,0.130162,-0.094796,-0.138456,-0.168999
2002-06-13,2002,Mexico,Italy,1,1,draw,,draw,Italy,-0.126457,,0.067145,-0.105158,-0.174893,-0.113257
2002-06-13,2002,Turkey,China,3,0,goals,,Turkey,Turkey,0.018713,1,-0.343878,0.222058,0.182543,-0.050125
2002-06-14,2002,Belgium,Russia,3,2,goals,,Belgium,Belgium,0.197172,1,-0.308204,0.776763,0.258724,0.140195
2002-06-14,2002,Japan,Tunisia,2,0,goals,,Japan,Japan,0.247201,1,0.297061,0.049228,0.282798,0.247927
2002-06-14,2002,South Korea,Portugal,1,0,goals,,South Korea,Portugal,-0.111259,0,0.177223,-0.11356,0.016675,-0.161626
2002-06-14,2002,Poland,United States,3,1,goals,,Poland,United States,-0.186017,0,-0.235278,0.012971,-0.227416,-0.184723
2002-06-15,2002,Denmark,England,0,3,goals,,England,Denmark,0.028953,0,-0.280029,-0.064468,0.010301,0.046958
2002-06-15,2002,Germany,Paraguay,1,0,goals,,Germany,Germany,0.26043,1,0.320883,0.0765,0.282791,0.26478
2002-06-16,2002,Spain,Republic of Ireland,1,1,penalties,Spain,Spain,Spain,0.156217,1,0.274555,0.198018,-0.071778,0.23408
2002-06-16,2002,Sweden,Senegal,1,2,goals,,Senegal,Sweden,0.176521,0,-0.018573,-0.119956,0.531928,0.072061
2002-06-17,2002,Brazil,Belgium,2,0,goals,,Brazil,Brazil,0.077315,1,0.332193,-0.234275,-0.223737,0.205277
2002-06-17,2002,Mexico,United States,0,2,goals,,United States,Mexico,0.014654,0,-0.121382,0.143819,-0.228728,0.095448
2002-06-18,2002,Japan,Turkey,0,1,goals,,Turkey,Japan,0.241355,0,0.07488,0.125724,0.222356,0.25903
2002-06-18,2002,South Korea,Italy,2,1,goals,,South Korea,Italy,-0.135135,0,-0.021085,-0.079658,-0.051225,-0.17121
2002-06-21,2002,England,Brazil,1,2,goals,,Brazil,Brazil,-0.029103,1,-0.128342,0.151449,0.215896,-0.129515
2002-06-21,2002,Germany,United States,1,0,goals,,Germany,Germany,0.095975,1,-0.145619,0.063415,-0.049284,0.154466
2002-06-22,2002,South Korea,Spain,0,0,penalties,South Korea,South Korea,Spain,-0.109787,0,0.016291,-0.073501,-0.018486,-0.147324
2002-06-22,2002,Senegal,Turkey,0,1,goals,,Turkey,Turkey,-0.02859,1,-0.216536,-0.438879,-0.294096,0.100062
2002-06-25,2002,South Korea,Germany,0,1,goals,,Germany,Germany,-0.087436,1,-0.063994,0.105904,-0.055776,-0.113257
2002-06-26,2002,Brazil,Turkey,1,0,goals,,Brazil,Brazil,0.449138,1,0.114162,-0.255719,0.009606,0.66432
2002-06-29,2002,South Korea,Turkey,2,3,goals,,Turkey,South Korea,0.178606,0,-0.039832,0.020247,0.172553,0.19544
2002-06-30,2002,Germany,Brazil,0,2,goals,,Brazil,Brazil,-0.168723,1,-0.09,0.170062,0.218723,-0.334792
2006-06-09,2006,Germany,Costa Rica,4,2,goals,,Germany,Germany,0.28803,1,0.343671,0.156586,0.227903,0.318534
2006-06-09,2006,Poland,Ecuador,0,2,goals,,Ecuador,Poland,0.146169,0,0.116134,-0.080492,0.128093,0.169578
2006-06-10,2006,Argentina,Ivory Coast,2,1,goals,,Argentina,Argentina,0.234025,1,0.076561,0.47824,0.315697,0.189019
2006-06-10,2006,England,Paraguay,1,0,goals,,England,England,0.313307,1,0.280124,0.057887,0.273138,0.346851
2006-06-10,2006,Trinidad and Tobago,Sweden,0,0,draw,,draw,Sweden,-0.143346,,-0.226805,0.249341,-0.062145,-0.200013
2006-06-11,2006,Angola,Portugal,0,1,goals,,Portugal,Portugal,-0.339274,1,0.074966,-0.172053,-0.275247,-0.380593
2006-06-11,2006,Mexico,Iran,3,1,goals,,Mexico,Iran,-0.020123,0,0.04423,-0.132625,-0.017519,-0.013847
2006-06-11,2006,Serbia,Netherlands,0,1,goals,,Netherlands,Netherlands,-0.361952,1,-0.092215,0.05355,-0.267367,-0.43024
2006-06-12,2006,Australia,Japan,3,1,goals,,Australia,Australia,0.050416,1,-0.21369,-0.169698,0.007165,0.085864
2006-06-12,2006,Italy,Ghana,2,0,goals,,Italy,Italy,0.387327,1,0.108433,0.501138,0.457856,0.357567
2006-06-12,2006,United States,Czech Republic,0,3,goals,,Czech Republic,Czech Republic,-0.038684,1,0.393156,0.066273,0.128872,-0.113257
2006-06-13,2006,Brazil,Croatia,1,0,goals,,Brazil,Brazil,0.177369,1,0.43931,-0.294906,-0.079118,0.300725
2006-06-13,2006,France,Switzerland,0,0,draw,,draw,France,0.435259,,0.249523,0.319268,-0.069344,0.629183
2006-06-13,2006,South Korea,Togo,2,1,goals,,South Korea,South Korea,0.330069,1,0.243291,0.42148,0.583144,0.233009
2006-06-14,2006,Germany,Poland,1,0,goals,,Germany,Germany,0.176459,1,0.089773,0.050443,0.161173,0.192385
2006-06-14,2006,Spain,Ukraine,4,0,goals,,Spain,Spain,0.458499,1,-0.007331,0.262486,0.263321,0.550171
2006-06-14,2006,Tunisia,Saudi Arabia,2,2,draw,,draw,Tunisia,0.060102,,-0.085052,0.399339,-0.357748,0.189019
2006-06-15,2006,Ecuador,Costa Rica,3,0,goals,,Ecuador,Ecuador,0.012262,1,0.137764,0.186634,-0.061363,0.024483
2006-06-15,2006,England,Trinidad and Tobago,2,0,goals,,England,England,0.360914,1,0.448582,0.205224,0.046272,0.484926
2006-06-15,2006,Sweden,Paraguay,1,0,goals,,Sweden,Sweden,0.087589,1,0.058346,-0.396677,0.289011,0.050125
2006-06-16,2006,Argentina,Serbia,6,0,goals,,Argentina,Argentina,0.255693,1,0.195442,0.113597,0.068207,0.334792
2006-06-16,2006,Mexico,Angola,0,0,draw,,draw,Mexico,0.275829,,0.195717,0.032993,0.172075,0.332179
2006-06-16,2006,Netherlands,Ivory Coast,2,1,goals,,Netherlands,Netherlands,0.375009,1,-0.026666,0.311093,0.514856,0.334792
2006-06-17,2006,Czech Republic,Ghana,0,2,goals,,Ghana,Czech Republic,0.417077,0,-0.094561,0.185888,0.398299,0.448049
2006-06-17,2006,Italy,United States,1,1,draw,,draw,Italy,0.045494,,-0.190162,0.248977,-0.069315,0.075762
2006-06-17,2006,Portugal,Iran,2,0,goals,,Portugal,Portugal,0.062851,1,-0.226453,0.006435,0.085653,0.06287
2006-06-18,2006,Brazil,Australia,2,0,goals,,Brazil,Brazil,0.069345,1,0.257802,-0.211745,-0.212275,0.189019
2006-06-18,2006,France,South Korea,1,1,draw,,draw,France,0.322885,,0.031791,0.00964,0.028802,0.456355
2006-06-18,2006,Japan,Croatia,0,0,draw,,draw,Japan,0.033779,,0.395197,0.086537,0.125992,-0.008692
2006-06-19,2006,Saudi Arabia,Ukraine,0,4,goals,,Ukraine,Saudi Arabia,0.02547,0,-0.092094,-0.154104,0.375454,-0.086619
2006-06-19,2006,Spain,Tunisia,3,1,goals,,Spain,Spain,0.3896,1,0.169815,0.017251,0.245615,0.471935
2006-06-19,2006,Togo,Switzerland,0,2,goals,,Switzerland,Switzerland,-0.337686,1,-0.025559,-0.111852,-0.68129,-0.23408
2006-06-20,2006,Costa Rica,Poland,1,2,goals,,Poland,Poland,-0.116025,1,-0.253898,-0.106142,-0.06673,-0.132604
2006-06-20,2006,Germany,Ecuador,3,0,goals,,Germany,Germany,0.269623,1,0.205907,-0.030049,0.289266,0.285145
2006-06-20,2006,Paraguay,Trinidad and Tobago,2,0,goals,,Paraguay,Paraguay,0.031098,1,0.168459,0.147337,-0.226866,0.114149
2006-06-20,2006,Sweden,England,2,2,draw,,draw,England,-0.205999,,-0.221778,-0.454565,0.015873,-0.268147
2006-06-21,2006,Iran,Angola,1,1,draw,,draw,Iran,0.239893,,0.151486,0.165618,0.189594,0.26478
2006-06-21,2006,Ivory Coast,Serbia,3,2,goals,,Ivory Coast,Serbia,-0.014052,0,0.118881,-0.364643,-0.247489,0.094005
2006-06-21,2006,Netherlands,Argentina,0,0,draw,,draw,Netherlands,0.129766,,-0.103227,-0.167147,0.199159,0.129515
2006-06-21,2006,Portugal,Mexico,2,1,goals,,Portugal,Portugal,0.10985,1,-0.270683,0.13906,0.103172,0.115668
2006-06-22,2006,Croatia,Australia,2,2,draw,,draw,Australia,-0.120312,,-0.181507,0.083161,-0.133157,-0.129515
2006-06-22,2006,Czech Republic,Italy,0,2,goals,,Italy,Italy,-0.019098,1,-0.202994,-0.315249,-0.059557,0.019687
2006-06-22,2006,Ghana,United States,2,1,goals,,Ghana,United States,-0.345992,0,-0.298595,-0.252161,-0.527171,-0.287834
2006-06-22,2006,Japan,Brazil,1,4,goals,,Brazil,Brazil,-0.250463,1,-0.044113,0.381443,0.20511,-0.464307
2006-06-23,2006,Saudi Arabia,Spain,0,1,goals,,Spain,Spain,-0.446377,1,-0.084763,-0.41659,0.112133,-0.656136
2006-06-23,2006,Switzerland,South Korea,2,0,goals,,Switzerland,South Korea,-0.010338,0,-0.217732,-0.309628,0.098146,-0.02495
2006-06-23,2006,Togo,France,0,2,goals,,France,France,-0.581544,1,-0.275082,-0.43112,-0.611947,-0.58587
2006-06-23,2006,Ukraine,Tunisia,1,0,goals,,Ukraine,Tunisia,-0.046326,0,0.177146,-0.245235,-0.017706,-0.045521
2006-06-24,2006,Argentina,Mexico,2,1,goals,,Argentina,Argentina,0.069148,1,-0.1161,0.134154,0.004024,0.090718
2006-06-24,2006,Germany,Sweden,2,0,goals,,Germany,Germany,0.131521,1,0.257097,0.473178,-0.015795,0.158318
2006-06-25,2006,England,Ecuador,1,0,goals,,England,England,0.363172,1,0.170588,-0.048661,0.289187,0.422613
2006-06-25,2006,Portugal,Netherlands,1,0,goals,,Portugal,Netherlands,-0.089064,0,-0.051356,0.172053,-0.100012,-0.104565
2006-06-26,2006,Italy,Australia,1,0,goals,,Italy,Italy,0.030759,1,0.122334,0.143878,-0.01412,0.037496
2006-06-26,2006,Switzerland,Ukraine,0,0,penalties,Ukraine,Ukraine,Switzerland,0.14478,0,-0.214907,-0.120643,0.343009,0.097405
2006-06-27,2006,Brazil,Ghana,3,0,goals,,Brazil,Brazil,0.484378,1,0.243901,0.145514,0.259701,0.593823
2006-06-27,2006,Spain,France,1,3,goals,,France,Spain,0.141828,0,-0.041947,0.063861,-0.010345,0.205277
2006-06-30,2006,Germany,Argentina,1,1,penalties,Germany,Germany,Germany,0.016406,1,0.085332,-0.214558,0.165864,-0.022008
2006-06-30,2006,Italy,Ukraine,3,0,goals,,Italy,Italy,0.273994,1,0.02463,0.268643,0.273847,0.278049
2006-07-01,2006,Brazil,France,0,1,goals,,France,Brazil,0.026847,0,0.125482,-0.285606,-0.197973,0.129515
2006-07-01,2006,England,Portugal,0,0,penalties,Portugal,Portugal,Portugal,-0.021968,1,0.204596,-0.238078,0.066638,-0.041695
2006-07-04,2006,Germany,Italy,0,2,goals,,Italy,Italy,-0.057831,1,0.040105,-0.185562,0.013286,-0.075762
2006-07-05,2006,Portugal,France,0,1,goals,,France,France,-0.217714,1,-0.209797,0.10392,-0.053249,-0.300725
2006-07-08,2006,Germany,Portugal,3,1,goals,,Germany,Portugal,-0.024296,0,0.239916,-0.219465,0.066716,-0.046958
2006-07-09,2006,Italy,France,1,1,penalties,Italy,Italy,France,-0.175285,0,-0.009986,0.070018,0.000181,-0.25903
2010-06-11,2010,South Africa,Mexico,1,1,draw,,draw,Mexico,-0.190992,,-0.090362,0.123202,-0.044909,-0.268147
2010-06-11,2010,Uruguay,France,0,0,draw,,draw,France,-0.122246,,-0.346879,0.092185,-0.136083,-0.129515
2010-06-12,2010,Argentina,Nigeria,1,0,goals,,Argentina,Argentina,0.235877,1,-0.162671,0.504398,0.203073,0.23408
2010-06-12,2010,England,United States,1,1,draw,,draw,England,0.156765,,-0.185975,0.044802,-0.056104,0.246971
2010-06-12,2010,South Korea,Greece,2,0,goals,,South Korea,South Korea,0.128874,1,0.174206,-0.115283,0.033884,0.180326
2010-06-13,2010,Algeria,Slovenia,0,1,goals,,Slovenia,Slovenia,-0.027632,1,0.334793,-0.012271,-0.129461,0.002897
2010-06-13,2010,Germany,Australia,4,0,goals,,Germany,Germany,0.099403,1,0.152907,-0.041684,0.001092,0.144471
2010-06-13,2010,Serbia,Ghana,0,1,goals,,Ghana,Serbia,0.200511,0,-0.145851,0.416537,0.241819,0.17491
2010-06-14,2010,Italy,Paraguay,1,1,draw,,draw,Italy,0.247354,,0.273309,0.262062,0.227518,0.253098
2010-06-14,2010,Japan,Cameroon,1,0,goals,,Japan,Japan,0.204187,1,0.218437,0.354504,0.486728,0.090718
2010-06-14,2010,Netherlands,Denmark,2,0,goals,,Netherlands,Netherlands,0.302798,1,0.127891,0.130492,0.009998,0.423906
2010-06-15,2010,Brazil,North Korea,2,1,goals,,Brazil,Brazil,0.603322,1,0.238767,0.087024,0.406295,0.717405
2010-06-15,2010,Ivory Coast,Portugal,0,0,draw,,draw,Portugal,-0.221066,,0.087986,-0.483147,-0.408532,-0.138632
2010-06-15,2010,New Zealand,Slovakia,1,1,draw,,draw,Slovakia,-0.031318,,-0.025005,0.161632,0.040914,-0.071562
2010-06-16,2010,Honduras,Chile,0,1,goals,,Chile,Chile,-0.269615,1,-0.083905,0.0,-0.304675,-0.279141
2010-06-16,2010,South Africa,Uruguay,0,3,goals,,Uruguay,Uruguay,-0.116841,1,0.321585,-0.004123,-0.067607,-0.149202
2010-06-16,2010,Spain,Switzerland,0,1,goals,,Switzerland,Spain,0.449683,0,0.207969,0.383129,-0.104788,0.658904
2010-06-17,2010,Argentina,South Korea,4,1,goals,,Argentina,Argentina,0.093206,1,-0.021275,0.108654,-0.120595,0.17121
2010-06-17,2010,France,Mexico,0,2,goals,,Mexico,France,0.077892,0,-0.065068,0.03514,0.158782,0.053754
2010-06-17,2010,Greece,Nigeria,2,1,goals,,Greece,Greece,0.002703,1,-0.315603,0.511028,0.289785,-0.133534
2010-06-18,2010,England,Algeria,0,0,draw,,draw,England,0.413188,,0.064203,-0.012453,0.184035,0.532117
2010-06-18,2010,Germany,Serbia,0,1,goals,,Serbia,Germany,0.224299,0,0.281828,-0.100961,0.213139,0.251078
2010-06-18,2010,Slovenia,United States,2,2,draw,,draw,United States,-0.210905,,-0.584972,0.069527,-0.110678,-0.262119
2010-06-19,2010,Cameroon,Denmark,1,2,goals,,Denmark,Denmark,-0.17501,1,0.147556,-0.060042,-0.525186,-0.06114
2010-06-19,2010,Ghana,Australia,1,1,draw,,draw,Australia,-0.269694,,0.01693,-0.357259,-0.453867,-0.200774
2010-06-19,2010,Netherlands,Japan,1,0,goals,,Netherlands,Netherlands,0.258413,1,-0.238102,-0.16397,0.048457,0.372288
2010-06-20,2010,Brazil,Ivory Coast,3,1,goals,,Brazil,Brazil,0.381478,1,0.251054,0.09362,0.284522,0.439357
2010-06-20,2010,Italy,New Zealand,1,1,draw,,draw,Italy,0.320994,,0.305577,0.126884,0.021615,0.443753
2010-06-20,2010,Slovakia,Paraguay,0,2,goals,,Paraguay,Paraguay,-0.04542,1,-0.007263,-0.026454,0.164989,-0.123583
2010-06-21,2010,Chile,Switzerland,1,0,goals,,Chile,Chile,0.081486,1,0.091699,0.13378,-0.21671,0.18559
2010-06-21,2010,Portugal,North Korea,7,0,goals,,Portugal,Portugal,0.433366,1,-0.100272,0.476551,0.530305,0.402847
2010-06-21,2010,Spain,Honduras,2,0,goals,,Spain,Spain,0.628041,1,0.200175,0.249349,0.416598,0.738294
2010-06-22,2010,Greece,Argentina,0,2,goals,,Argentina,Argentina,-0.241003,1,-0.152931,0.00663,0.086711,-0.378962
2010-06-22,2010,Mexico,Uruguay,0,1,goals,,Uruguay,Mexico,0.044354,0,0.411948,-0.127325,-0.022698,0.075762
2010-06-22,2010,Nigeria,South Korea,2,2,draw,,draw,South Korea,-0.172519,,0.141397,-0.395745,-0.323669,-0.106128
2010-06-22,2010,South Africa,France,2,1,goals,,South Africa,France,-0.217183,0,-0.025294,0.088062,-0.20369,-0.246971
2010-06-23,2010,Australia,Serbia,2,1,goals,,Australia,Australia,0.081814,1,0.128921,-0.059278,0.212048,0.044169
2010-06-23,2010,Ghana,Germany,0,1,goals,,Germany,Germany,-0.378652,1,-0.135977,-0.315576,-0.454958,-0.359093
2010-06-23,2010,Slovenia,England,0,1,goals,,England,England,-0.365538,1,-0.398996,0.024725,-0.054574,-0.506002
2010-06-23,2010,United States,Algeria,1,0,goals,,United States,United States,0.240404,1,0.250179,-0.057255,0.240139,0.261927
2010-06-24,2010,Cameroon,Netherlands,1,2,goals,,Netherlands,Netherlands,-0.510908,1,0.019665,-0.190534,-0.535185,-0.533017
2010-06-24,2010,Denmark,Japan,1,3,goals,,Japan,Japan,-0.029441,1,-0.365993,-0.294463,0.038458,-0.02996
2010-06-24,2010,Paraguay,New Zealand,0,0,draw,,draw,Paraguay,0.072914,,0.032268,-0.135178,-0.205903,0.189603
2010-06-24,2010,Slovakia,Italy,3,2,goals,,Slovakia,Italy,-0.285775,0,-0.280572,-0.288516,-0.062529,-0.366538
2010-06-25,2010,Chile,Spain,1,2,goals,,Spain,Spain,-0.309707,1,-0.11627,-0.249349,-0.111923,-0.388546
2010-06-25,2010,North Korea,Ivory Coast,0,3,goals,,Ivory Coast,Ivory Coast,-0.215545,1,0.012286,0.006596,-0.121773,-0.268919
2010-06-25,2010,Portugal,Brazil,0,0,draw,,draw,Brazil,-0.146828,,-0.339039,0.389527,0.12401,-0.281038
2010-06-25,2010,Switzerland,Honduras,0,0,draw,,draw,Switzerland,0.192724,,-0.007794,-0.13378,0.521386,0.100209
2010-06-26,2010,Uruguay,South Korea,2,1,goals,,Uruguay,Uruguay,0.006445,1,-0.315199,0.101825,-0.120323,0.050125
2010-06-26,2010,United States,Ghana,1,2,goals,,Ghana,United States,0.263558,0,0.291105,0.252161,0.494454,0.180326
2010-06-27,2010,Argentina,Mexico,3,1,goals,,Argentina,Argentina,0.112788,1,-0.118023,0.134154,0.022426,0.147324
2010-06-27,2010,Germany,England,4,1,goals,,Germany,England,-0.046884,0,0.030846,0.018613,0.016608,-0.075762
2010-06-28,2010,Brazil,Chile,3,0,goals,,Brazil,Brazil,0.166066,1,0.282434,-0.100118,-0.041933,0.25903
2010-06-28,2010,Netherlands,Slovakia,2,1,goals,,Netherlands,Netherlands,0.416697,1,0.131222,0.150365,0.112994,0.550171
2010-06-29,2010,Paraguay,Japan,0,0,penalties,Paraguay,Paraguay,Japan,-0.127672,0,-0.362061,-0.287882,-0.229526,-0.075762
2010-06-29,2010,Spain,Portugal,1,0,goals,,Spain,Spain,0.275284,1,0.172876,-0.04006,0.029846,0.388546
2010-07-02,2010,Netherlands,Brazil,2,1,goals,,Netherlands,Netherlands,0.011447,1,-0.28634,0.217473,0.222849,-0.075762
2010-07-02,2010,Uruguay,Ghana,1,1,penalties,Uruguay,Uruguay,Uruguay,0.263727,1,-0.237625,0.523305,0.299163,0.239344
2010-07-03,2010,Argentina,Germany,0,4,goals,,Germany,Germany,-0.000316,1,-0.079677,0.214558,-0.156067,0.041695
2010-07-03,2010,Paraguay,Spain,0,1,goals,,Spain,Spain,-0.50162,1,-0.244136,-0.255905,-0.20899,-0.629183
2010-07-06,2010,Uruguay,Netherlands,2,3,goals,,Netherlands,Netherlands,-0.19444,1,-0.187799,0.160318,-0.181411,-0.224964
2010-07-07,2010,Germany,Spain,0,1,goals,,Spain,Spain,-0.1762,1,0.065626,-0.179405,0.043378,-0.25903
2010-07-10,2010,Uruguay,Germany,2,3,goals,,Germany,Germany,-0.173939,1,-0.373602,0.207729,-0.155795,-0.205277
2010-07-11,2010,Netherlands,Spain,0,1,goals,,Spain,Spain,-0.079919,1,-0.120176,-0.131994,0.068994,-0.129515
2014-06-12,2014,Brazil,Croatia,3,1,goals,,Brazil,Brazil,0.344808,1,0.450413,-0.294906,-0.070394,0.540069
2014-06-13,2014,Chile,Australia,3,1,goals,,Chile,Chile,0.083166,1,-0.031848,-0.111628,-0.143666,0.181133
2014-06-13,2014,Mexico,Cameroon,1,0,goals,,Mexico,Mexico,0.21563,1,0.197259,0.223527,0.332495,0.172981
2014-06-13,2014,Spain,Netherlands,1,5,goals,,Netherlands,Spain,0.130515,0,0.118147,0.131994,-0.075627,0.205277
2014-06-14,2014,Colombia,Greece,3,0,goals,,Colombia,Colombia,0.015343,1,0.169378,-0.377773,-0.133287,0.095448
2014-06-14,2014,England,Italy,1,2,goals,,Italy,England,0.113771,0,0.008027,-0.204175,0.023058,0.17121
2014-06-14,2014,Ivory Coast,Japan,2,1,goals,,Ivory Coast,Japan,-0.21007,0,-0.19197,-0.475064,-0.443354,-0.106607
2014-06-14,2014,Uruguay,Costa Rica,1,3,goals,,Costa Rica,Uruguay,0.257996,0,-0.04091,0.364315,0.056196,0.32774
2014-06-15,2014,Argentina,Bosnia and Herzegovina,2,1,goals,,Argentina,Argentina,0.29243,1,0.29038,0.13948,0.108591,0.370152
2014-06-15,2014,France,Honduras,3,0,goals,,France,France,0.367389,1,0.232029,0.185489,0.428946,0.360228
2014-06-15,2014,Switzerland,Ecuador,2,1,goals,,Switzerland,Switzerland,0.11876,1,-0.078351,-0.233772,0.327416,0.071562
2014-06-16,2014,Germany,Portugal,4,0,goals,,Germany,Germany,0.105692,1,0.239277,-0.219465,0.099628,0.129515
2014-06-16,2014,Ghana,United States,1,2,goals,,United States,United States,-0.2841,1,-0.283579,-0.252161,-0.449057,-0.226654
2014-06-16,2014,Iran,Nigeria,0,0,draw,,draw,Iran,0.07122,,-0.096134,0.50287,0.1513,0.013352
2014-06-17,2014,Belgium,Algeria,2,1,goals,,Belgium,Belgium,0.160661,1,-0.145978,0.070372,0.218942,0.150532
2014-06-17,2014,Brazil,Mexico,0,0,draw,,draw,Brazil,0.359246,,0.059816,-0.250466,-0.033788,0.550171
2014-06-17,2014,Russia,South Korea,1,1,draw,,draw,Russia,0.050543,,0.12179,-0.818455,-0.071341,0.156643
2014-06-18,2014,Australia,Netherlands,2,3,goals,,Netherlands,Netherlands,-0.249706,1,0.038559,-0.005728,-0.010646,-0.358179
2014-06-18,2014,Cameroon,Croatia,0,4,goals,,Croatia,Croatia,-0.234163,1,0.193338,-0.267967,-0.369101,-0.189019
2014-06-18,2014,Spain,Chile,0,2,goals,,Chile,Spain,0.253041,0,0.111436,0.249349,0.078685,0.318534
2014-06-19,2014,Colombia,Ivory Coast,2,1,goals,,Colombia,Colombia,0.147363,1,0.074741,0.107097,0.231572,0.120823
2014-06-19,2014,Japan,Greece,0,0,draw,,draw,Japan,0.034288,,0.286608,-0.009806,0.078496,0.017809
2014-06-19,2014,Uruguay,England,2,1,goals,,Uruguay,England,-0.092589,0,-0.34483,0.226342,-0.123865,-0.100712
2014-06-20,2014,Honduras,Ecuador,1,2,goals,,Ecuador,Ecuador,-0.17471,1,-0.066521,-0.099993,-0.19036,-0.176022
2014-06-20,2014,Italy,Costa Rica,0,1,goals,,Costa Rica,Italy,0.213546,0,0.295893,0.342148,0.157003,0.223521
2014-06-20,2014,Switzerland,France,2,5,goals,,France,France,-0.068344,1,-0.243859,-0.319268,0.088829,-0.104565
2014-06-21,2014,Argentina,Iran,1,0,goals,,Argentina,Argentina,0.25494,1,-0.074485,0.001528,0.037667,0.3568
2014-06-21,2014,Germany,Ghana,2,2,draw,,draw,Germany,0.459583,,0.123647,0.315576,0.421712,0.488608
2014-06-21,2014,Nigeria,Bosnia and Herzegovina,1,0,goals,,Nigeria,Bosnia and Herzegovina,-0.017071,0,0.460999,-0.364918,-0.080377,0.024143
2014-06-22,2014,Belgium,Russia,1,0,goals,,Belgium,Belgium,0.070328,1,-0.297852,0.776763,0.10999,0.010103
2014-06-22,2014,South Korea,Algeria,2,4,goals,,Algeria,South Korea,0.105756,0,0.030085,0.112064,0.180293,0.07939
2014-06-22,2014,United States,Portugal,2,2,draw,,draw,United States,0.008008,,0.399209,-0.282879,0.126973,-0.019687
2014-06-23,2014,Australia,Spain,0,3,goals,,Spain,Spain,-0.367617,1,-0.079588,-0.137721,0.064981,-0.545188
2014-06-23,2014,Brazil,Cameroon,4,1,goals,,Brazil,Brazil,0.601606,1,0.257075,-0.026939,0.298707,0.761892
2014-06-23,2014,Croatia,Mexico,1,3,goals,,Mexico,Croatia,0.014837,0,-0.390597,0.04444,0.036606,0.01068
2014-06-23,2014,Netherlands,Chile,2,0,goals,,Netherlands,Netherlands,0.087759,1,-0.006711,0.117355,0.154312,0.06287
2014-06-24,2014,Costa Rica,England,0,0,draw,,draw,England,-0.200443,,-0.30392,-0.137973,-0.180062,-0.210855
2014-06-24,2014,Greece,Ivory Coast,2,1,goals,,Greece,Greece,0.108514,1,-0.094637,0.48487,0.364858,-0.008692
2014-06-24,2014,Italy,Uruguay,0,1,goals,,Uruguay,Uruguay,-0.009629,1,0.336803,-0.022167,0.100807,-0.053754
2014-06-24,2014,Japan,Colombia,1,4,goals,,Colombia,Colombia,-0.04925,1,0.117229,0.367967,0.211783,-0.176474
2014-06-25,2014,Bosnia and Herzegovina,Iran,3,1,goals,,Bosnia and Herzegovina,Iran,-0.063125,0,-0.364864,-0.137952,-0.070923,-0.050504
2014-06-25,2014,Ecuador,France,0,0,draw,,draw,France,-0.213215,,-0.165507,-0.085496,-0.238587,-0.213969
2014-06-25,2014,Honduras,Switzerland,0,3,goals,,Switzerland,Switzerland,-0.293047,1,0.01183,0.13378,-0.517775,-0.246971
2014-06-25,2014,Nigeria,Argentina,2,3,goals,,Argentina,Argentina,-0.349172,1,0.170619,-0.504398,-0.188967,-0.403502
2014-06-26,2014,Algeria,Russia,1,1,draw,,draw,Russia,-0.097988,,-0.151874,0.706391,-0.108952,-0.151523
2014-06-26,2014,South Korea,Belgium,0,1,goals,,Belgium,Belgium,-0.147458,1,0.176063,0.041692,-0.038649,-0.205277
2014-06-26,2014,Portugal,Ghana,2,1,goals,,Portugal,Portugal,0.28838,1,-0.11563,0.53504,0.322084,0.26415
2014-06-26,2014,United States,Germany,0,1,goals,,Germany,Germany,-0.125158,1,0.159932,-0.063415,0.027345,-0.189019
2014-06-28,2014,Brazil,Chile,1,1,penalties,Brazil,Brazil,Brazil,0.277407,1,0.281671,-0.100118,-0.069079,0.43024
2014-06-28,2014,Colombia,Uruguay,2,0,goals,,Colombia,Colombia,0.013081,1,0.306628,-0.364315,-0.096179,0.075762
2014-06-29,2014,Costa Rica,Greece,1,1,penalties,Costa Rica,Costa Rica,Greece,-0.128695,0,-0.09634,-0.377773,-0.093304,-0.123937
2014-06-29,2014,Netherlands,Mexico,2,1,goals,,Netherlands,Netherlands,0.176211,1,-0.228565,-0.032993,0.189604,0.192385
2014-06-30,2014,France,Nigeria,2,0,goals,,France,France,0.275682,1,-0.120181,0.405385,0.330291,0.252235
2014-06-30,2014,Germany,Algeria,2,1,goals,,Germany,Germany,0.402094,1,0.084576,0.006159,0.230643,0.497507
2014-07-01,2014,Argentina,Switzerland,1,0,goals,,Argentina,Argentina,0.126825,1,0.193421,0.418282,-0.230152,0.23408
2014-07-01,2014,Belgium,United States,2,1,goals,,Belgium,United States,-0.017604,0,-0.390486,0.127628,-0.039045,-0.014956
2014-07-04,2014,Brazil,Colombia,2,1,goals,,Brazil,Brazil,0.240313,1,0.169972,-0.013476,0.033123,0.334792
2014-07-04,2014,France,Germany,0,1,goals,,Germany,Germany,-0.075169,1,-0.023301,0.115544,-0.034252,-0.104565
2014-07-05,2014,Argentina,Belgium,1,0,goals,,Argentina,Argentina,0.109758,1,0.156816,0.150345,-0.163875,0.205277
2014-07-05,2014,Netherlands,Costa Rica,0,0,penalties,Netherlands,Netherlands,Netherlands,0.305133,1,0.147309,0.203997,0.216532,0.346851
2014-07-08,2014,Brazil,Germany,1,7,goals,,Germany,Brazil,0.080154,0,0.105455,-0.170062,-0.216153,0.205277
2014-07-09,2014,Netherlands,Argentina,0,0,penalties,Argentina,Argentina,Netherlands,0.007485,0,-0.109187,-0.167147,0.182815,-0.041695
2014-07-12,2014,Brazil,Netherlands,0,3,goals,,Netherlands,Brazil,0.143663,0,0.288381,-0.217473,-0.223391,0.300725
2014-07-13,2014,Germany,Argentina,1,0,goals,,Germany,Germany,0.123269,1,0.073739,-0.214558,0.175576,0.129515
2018-06-14,2018,Russia,Saudi Arabia,5,0,goals,,Russia,Russia,0.006352,1,0.183248,-0.475365,-0.142292,0.092551
2018-06-15,2018,Egypt,Uruguay,0,1,goals,,Uruguay,Uruguay,-0.185975,1,0.400862,-0.189543,-0.133035,-0.213402
2018-06-15,2018,Morocco,Iran,0,1,goals,,Iran,Iran,-0.087308,1,-0.102208,-0.021749,-0.13169,-0.075762
2018-06-15,2018,Portugal,Spain,3,3,draw,,draw,Spain,-0.186372,,-0.176623,0.04006,-0.03151,-0.25903
2018-06-16,2018,France,Australia,2,1,goals,,France,France,0.226342,1,0.115381,0.073861,-0.016097,0.32684
2018-06-16,2018,Argentina,Iceland,1,1,draw,,draw,Argentina,0.288167,,0.564408,0.703121,-0.166087,0.418679
2018-06-16,2018,Peru,Denmark,0,1,goals,,Denmark,Peru,0.056723,0,0.198873,0.229605,-0.287932,0.167011
2018-06-16,2018,Croatia,Nigeria,2,0,goals,,Croatia,Croatia,0.214786,1,-0.459267,0.414684,0.27812,0.187122
2018-06-17,2018,Costa Rica,Serbia,0,1,goals,,Serbia,Costa Rica,0.0011,0,-0.039926,-0.257547,0.029622,0.010103
2018-06-17,2018,Germany,Mexico,0,1,goals,,Mexico,Germany,0.214163,0,-0.047474,-0.080404,0.192991,0.246971
2018-06-17,2018,Brazil,Switzerland,1,1,draw,,draw,Brazil,0.261981,,0.371525,0.033662,-0.296436,0.479263
2018-06-18,2018,Sweden,South Korea,1,0,goals,,Sweden,Sweden,0.020755,1,-0.189255,-0.579082,0.030163,0.063856
2018-06-18,2018,Belgium,Panama,3,0,goals,,Belgium,Belgium,0.31103,1,0.117589,0.366979,0.093636,0.388546
2018-06-18,2018,Tunisia,England,1,2,goals,,England,England,-0.311299,1,-0.201564,0.180767,-0.269765,-0.363595
2018-06-19,2018,Colombia,Japan,1,2,goals,,Japan,Colombia,0.081748,0,-0.110803,-0.367967,-0.198397,0.218629
2018-06-19,2018,Poland,Senegal,1,2,goals,,Senegal,Poland,0.171589,0,0.101396,0.302778,0.440526,0.065659
2018-06-19,2018,Russia,Egypt,3,1,goals,,Russia,Russia,0.043735,1,0.037196,-0.730736,0.164317,0.056262
2018-06-20,2018,Portugal,Morocco,1,0,goals,,Portugal,Portugal,0.255705,1,-0.145559,0.028184,0.292211,0.26478
2018-06-20,2018,Uruguay,Saudi Arabia,1,0,goals,,Uruguay,Uruguay,0.187712,1,-0.25481,0.444914,-0.173574,0.306388
2018-06-20,2018,Iran,Spain,0,1,goals,,Spain,Spain,-0.321528,1,0.071144,0.033625,-0.192031,-0.399873
2018-06-21,2018,Denmark,Australia,1,1,draw,,draw,Denmark,0.032113,,-0.170294,-0.124765,0.024912,0.049023
2018-06-21,2018,France,Peru,1,0,goals,,France,France,0.216275,1,0.086803,-0.03098,0.246923,0.224964
2018-06-21,2018,Argentina,Croatia,0,3,goals,,Croatia,Argentina,0.124047,0,0.281616,0.089714,-0.038841,0.183269
2018-06-22,2018,Brazil,Costa Rica,2,0,goals,,Brazil,Brazil,0.459939,1,0.434574,-0.013476,-0.064262,0.68454
2018-06-22,2018,Nigeria,Iceland,2,0,goals,,Nigeria,Iceland,-0.097288,0,0.742059,0.198722,-0.405366,-0.01928
2018-06-22,2018,Serbia,Switzerland,1,2,goals,,Switzerland,Switzerland,-0.180869,1,-0.023123,0.304685,-0.261795,-0.189019
2018-06-23,2018,Belgium,Tunisia,5,2,goals,,Belgium,Belgium,0.324534,1,-0.003403,-0.097941,0.290348,0.372288
2018-06-23,2018,South Korea,Mexico,1,2,goals,,Mexico,Mexico,-0.146877,1,-0.102792,0.0255,0.151589,-0.268147
2018-06-23,2018,Germany,Sweden,2,1,goals,,Germany,Germany,0.231151,1,0.244573,0.473178,0.011238,0.293097
2018-06-24,2018,England,Panama,6,1,goals,,England,England,0.353902,1,0.322555,0.284153,0.073053,0.461167
2018-06-24,2018,Japan,Senegal,2,2,draw,,draw,Japan,0.148196,,0.241975,0.564603,0.492133,-0.007952
2018-06-24,2018,Poland,Colombia,0,3,goals,,Colombia,Colombia,-0.001673,1,-0.029776,0.106142,0.146791,-0.06287
2018-06-25,2018,Russia,Uruguay,0,3,goals,,Uruguay,Uruguay,-0.137257,1,0.438058,-0.920279,0.031281,-0.149919
2018-06-25,2018,Saudi Arabia,Egypt,2,1,goals,,Saudi Arabia,Saudi Arabia,0.028965,1,-0.146052,-0.255371,0.306609,-0.04849
2018-06-25,2018,Spain,Morocco,2,2,draw,,draw,Spain,0.453295,,0.031064,-0.011876,0.323721,0.540069
2018-06-25,2018,Iran,Portugal,1,1,draw,,draw,Portugal,-0.142525,,0.247767,-0.006435,-0.160521,-0.151523
2018-06-26,2018,Australia,Peru,0,2,goals,,Peru,Peru,-0.005632,1,-0.028579,-0.10484,0.26302,-0.095448
2018-06-26,2018,Denmark,France,0,0,draw,,draw,France,-0.247126,,-0.285675,-0.198625,0.041009,-0.354479
2018-06-26,2018,Nigeria,Argentina,1,2,goals,,Argentina,Argentina,-0.328771,1,0.177651,-0.504398,-0.239279,-0.355809
2018-06-26,2018,Iceland,Croatia,1,2,goals,,Croatia,Croatia,-0.183076,1,-0.282792,-0.613407,0.127245,-0.262883
2018-06-27,2018,South Korea,Germany,2,0,goals,,South Korea,Germany,-0.285993,0,-0.055318,0.105904,-0.041401,-0.406355
2018-06-27,2018,Mexico,Sweden,0,3,goals,,Sweden,Mexico,0.121937,0,0.292047,0.553582,-0.181753,0.198225
2018-06-27,2018,Serbia,Brazil,0,2,goals,,Brazil,Brazil,-0.447281,1,-0.394648,0.271023,0.03464,-0.674704
2018-06-27,2018,Switzerland,Costa Rica,2,2,draw,,draw,Switzerland,0.211542,,0.063049,-0.047138,0.232174,0.224964
2018-06-28,2018,Japan,Poland,0,1,goals,,Poland,Japan,0.010917,0,0.140579,0.261825,0.051607,-0.023886
2018-06-28,2018,Senegal,Colombia,0,1,goals,,Colombia,Colombia,-0.163623,1,-0.131172,-0.196636,-0.293735,-0.114559
2018-06-28,2018,Panama,Tunisia,1,2,goals,,Tunisia,Tunisia,-0.007368,1,-0.120992,-0.46492,0.196711,-0.046506
2018-06-28,2018,England,Belgium,0,1,goals,,Belgium,England,0.021532,0,0.204967,-0.082826,-0.020583,0.041695
2018-06-30,2018,France,Argentina,4,3,goals,,France,France,0.11619,1,0.047578,-0.099014,0.125199,0.129515
2018-06-30,2018,Uruguay,Portugal,2,1,goals,,Uruguay,Portugal,-0.060411,0,-0.129227,-0.011735,-0.069899,-0.059503
2018-07-01,2018,Russia,Spain,1,1,penalties,Russia,Russia,Spain,-0.433455,0,0.132208,-0.891955,-0.070128,-0.540069
2018-07-01,2018,Croatia,Denmark,1,1,penalties,Croatia,Croatia,Croatia,0.055197,1,-0.04352,0.207925,-0.127368,0.111706
2018-07-02,2018,Brazil,Mexico,2,0,goals,,Brazil,Brazil,0.322465,1,0.058702,-0.250466,-0.058959,0.506002
2018-07-02,2018,Belgium,Japan,3,2,goals,,Belgium,Belgium,0.246713,1,-0.280594,-0.147169,0.042743,0.3568
2018-07-03,2018,Sweden,Switzerland,1,0,goals,,Sweden,Switzerland,-0.100755,0,0.020777,-0.269454,-0.055724,-0.106607
2018-07-03,2018,Colombia,England,1,1,penalties,England,England,England,-0.151755,1,-0.035175,-0.137973,-0.220557,-0.129515
2018-07-06,2018,Uruguay,France,0,2,goals,,France,France,-0.224135,1,-0.348003,0.092185,-0.12539,-0.281038
2018-07-06,2018,Brazil,Belgium,1,2,goals,,Belgium,Brazil,0.110817,0,0.337221,-0.234275,-0.238289,0.25903
2018-07-07,2018,Sweden,England,0,2,goals,,England,England,-0.204183,1,-0.218494,-0.454565,0.023006,-0.268147
2018-07-07,2018,Russia,Croatia,2,2,penalties,Croatia,Croatia,Croatia,-0.160073,1,0.41925,-0.837394,-0.007751,-0.174577
2018-07-10,2018,France,Belgium,1,0,goals,,France,France,0.087985,1,0.206486,0.051331,-0.024047,0.129515
2018-07-11,2018,Croatia,England,2,1,goals,,Croatia,England,-0.120213,0,-0.327676,0.143457,-0.089822,-0.147324
2018-07-14,2018,Belgium,England,2,0,goals,,Belgium,Belgium,0.059513,1,-0.204967,0.082826,0.020583,0.075762
2018-07-15,2018,France,Croatia,4,2,goals,,France,France,0.218333,1,0.329195,-0.0093,0.086358,0.281038
2022-11-20,2022,Qatar,Ecuador,0,2,goals,,Ecuador,Qatar,0.013389,0,-0.221893,-0.345624,0.407728,-0.100062
2022-11-21,2022,Senegal,Netherlands,0,2,goals,,Netherlands,Netherlands,-0.442485,1,-0.000329,-0.400633,-0.556672,-0.410554
2022-11-21,2022,England,Iran,6,2,goals,,England,England,0.144426,1,-0.032743,-0.231642,0.236615,0.140843
2022-11-21,2022,United States,Wales,1,1,draw,,draw,United States,0.083218,,0.186253,-0.044802,0.054033,0.101575
2022-11-22,2022,Argentina,Saudi Arabia,1,2,goals,,Saudi Arabia,Argentina,0.395009,0,0.040163,0.451743,-0.171921,0.60145
2022-11-22,2022,Mexico,Poland,0,0,draw,,draw,Poland,-0.031817,,0.145819,0.130848,-0.137322,-0.007952
2022-11-22,2022,Denmark,Tunisia,0,0,draw,,draw,Denmark,0.225431,,-0.083866,-0.245235,0.342688,0.221535
2022-11-22,2022,France,Australia,4,1,goals,,France,France,0.219739,1,0.112321,0.073861,-0.028753,0.321901
2022-11-23,2022,Germany,Japan,1,2,goals,,Japan,Germany,0.083295,0,-0.047607,-0.211382,0.074234,0.109829
2022-11-23,2022,Spain,Costa Rica,7,0,goals,,Spain,Spain,0.365225,1,0.261283,0.335991,0.131241,0.453627
2022-11-23,2022,Morocco,Croatia,0,0,draw,,draw,Croatia,-0.142395,,0.264683,0.066436,-0.294439,-0.10834
2022-11-23,2022,Belgium,Canada,1,0,goals,,Belgium,Belgium,0.237425,1,-0.140375,0.78161,0.015205,0.283981
2022-11-24,2022,Switzerland,Cameroon,1,0,goals,,Switzerland,Switzerland,0.291521,1,-0.13371,-0.060601,0.565887,0.223792
2022-11-24,2022,Brazil,Serbia,2,0,goals,,Brazil,Brazil,0.363343,1,0.402437,-0.271023,-0.053448,0.559756
2022-11-24,2022,Uruguay,South Korea,0,0,draw,,draw,Uruguay,0.011145,,-0.317566,0.101825,-0.101429,0.050125
2022-11-24,2022,Portugal,Ghana,3,2,goals,,Portugal,Portugal,0.390893,1,-0.134766,0.53504,0.358306,0.399873
2022-11-25,2022,Qatar,Senegal,1,3,goals,,Senegal,Qatar,0.145443,0,-0.220757,0.037646,0.643816,-0.022008
2022-11-25,2022,Netherlands,Ecuador,1,1,draw,,draw,Netherlands,0.300794,,-0.000807,0.017363,0.320583,0.318534
2022-11-25,2022,Wales,Iran,0,2,goals,,Iran,Iran,-0.022843,1,-0.032743,-0.231642,0.236615,-0.101575
2022-11-25,2022,England,United States,0,0,draw,,draw,England,0.115607,,-0.186253,0.044802,-0.054033,0.186576
2022-11-26,2022,Poland,Saudi Arabia,2,0,goals,,Poland,Poland,0.075018,1,0.015727,0.186742,-0.084031,0.125408
2022-11-26,2022,Argentina,Mexico,2,0,goals,,Argentina,Argentina,0.338224,1,-0.121383,0.134154,0.049433,0.464307
2022-11-26,2022,Tunisia,Australia,0,1,goals,,Australia,Australia,-0.099779,1,-0.089075,0.12047,-0.308138,-0.040402
2022-11-26,2022,France,Denmark,2,1,goals,,France,France,0.138599,1,0.285262,0.198625,-0.063304,0.205277
2022-11-27,2022,Japan,Costa Rica,0,1,goals,,Costa Rica,Japan,0.155331,0,0.373508,0.367967,0.114585,0.151523
2022-11-27,2022,Spain,Germany,1,1,draw,,draw,Spain,0.149154,,-0.064619,0.179405,-0.057579,0.224964
2022-11-27,2022,Belgium,Morocco,0,2,goals,,Morocco,Belgium,0.268786,0,-0.135461,-0.127068,0.391051,0.25903
2022-11-27,2022,Croatia,Canada,4,1,goals,,Croatia,Croatia,0.133462,1,-0.269596,0.842241,-0.081407,0.165793
2022-11-28,2022,Cameroon,Serbia,3,3,draw,,draw,Serbia,-0.222143,,0.165814,-0.244084,-0.315404,-0.192385
2022-11-28,2022,Brazil,Switzerland,1,0,goals,,Brazil,Brazil,0.278545,1,0.370333,0.033662,-0.30393,0.506002
2022-11-28,2022,South Korea,Ghana,2,3,goals,,Ghana,South Korea,0.311417,0,0.051755,0.42148,0.398164,0.275775
2022-11-28,2022,Portugal,Uruguay,2,0,goals,,Portugal,Portugal,0.086781,1,0.131045,0.011735,0.061571,0.100712
2022-11-29,2022,Ecuador,Senegal,1,2,goals,,Senegal,Ecuador,0.123103,0,0.001136,0.38327,0.236089,0.065081
2022-11-29,2022,Qatar,Netherlands,0,2,goals,,Netherlands,Netherlands,-0.28469,1,-0.221086,-0.362987,0.087145,-0.41466
2022-11-29,2022,Wales,England,0,3,goals,,England,England,-0.199914,1,0.0,0.0,0.0,-0.289731
2022-11-29,2022,Iran,United States,0,1,goals,,United States,United States,-0.052559,1,-0.15351,0.276444,-0.290648,0.011328
2022-11-30,2022,Poland,Argentina,0,2,goals,,Argentina,Argentina,-0.306407,1,-0.024437,-0.265001,0.08789,-0.456355
2022-11-30,2022,Saudi Arabia,Mexico,1,2,goals,,Mexico,Mexico,-0.037938,1,-0.161546,-0.317589,0.221354,-0.109829
2022-11-30,2022,Australia,Denmark,1,0,goals,,Australia,Denmark,-0.09959,0,0.172941,0.124765,-0.034551,-0.143362
2022-11-30,2022,Tunisia,France,1,0,goals,,Tunisia,France,-0.369579,0,-0.201396,0.04661,-0.279385,-0.434854
2022-12-01,2022,Japan,Spain,2,1,goals,,Japan,Spain,-0.22508,0,0.112225,0.031977,-0.016656,-0.324112
2022-12-01,2022,Costa Rica,Germany,2,4,goals,,Germany,Germany,-0.208255,1,-0.325902,-0.156586,-0.188819,-0.217336
2022-12-01,2022,Croatia,Belgium,0,0,draw,,draw,Belgium,-0.059504,,-0.129222,0.060631,-0.096612,-0.053754
2022-12-01,2022,Canada,Morocco,1,2,goals,,Morocco,Morocco,-0.034498,1,0.004914,-0.908678,0.375846,-0.120399
2022-12-02,2022,Serbia,Switzerland,2,3,goals,,Switzerland,Switzerland,-0.074951,1,-0.032103,0.304685,-0.250483,-0.039483
2022-12-02,2022,Cameroon,Brazil,1,0,goals,,Cameroon,Brazil,-0.580797,0,-0.236623,0.026939,-0.261957,-0.745346
2022-12-02,2022,Ghana,Uruguay,0,2,goals,,Uruguay,Uruguay,-0.294871,1,0.265812,-0.523305,-0.296735,-0.285769
2022-12-02,2022,South Korea,Portugal,2,1,goals,,South Korea,Portugal,-0.149073,0,0.186521,-0.11356,0.039858,-0.224964
2022-12-03,2022,Netherlands,United States,3,1,goals,,Netherlands,Netherlands,0.226233,1,-0.342486,0.110826,0.001918,0.324112
2022-12-03,2022,Argentina,Australia,2,1,goals,,Argentina,Argentina,0.296093,1,0.064924,0.172874,-0.155341,0.471935
2022-12-04,2022,France,Poland,3,1,goals,,France,France,0.209711,1,0.071833,0.165988,0.038698,0.276839
2022-12-04,2022,England,Senegal,3,0,goals,,England,England,0.350976,1,0.156563,0.334609,0.50072,0.300725
2022-12-05,2022,Japan,Croatia,1,1,penalties,Croatia,Croatia,Croatia,-0.023168,1,0.405701,0.086537,0.022154,-0.053754
2022-12-05,2022,Brazil,South Korea,4,1,goals,,Brazil,Brazil,0.303037,1,0.163648,-0.275966,-0.200316,0.529389
2022-12-06,2022,Morocco,Spain,0,0,penalties,Morocco,Morocco,Spain,-0.261737,0,-0.028793,0.011876,-0.333249,-0.25903
2022-12-06,2022,Portugal,Switzerland,6,1,goals,,Portugal,Portugal,0.074858,1,0.020165,0.423188,-0.143472,0.129515
2022-12-09,2022,Croatia,Brazil,1,1,penalties,Croatia,Croatia,Brazil,-0.273664,0,-0.46624,0.294906,0.1465,-0.464307
2022-12-09,2022,Netherlands,Argentina,2,2,penalties,Argentina,Argentina,Argentina,-0.014434,1,-0.109834,-0.167147,0.18919,-0.075762
2022-12-10,2022,Morocco,Portugal,1,0,goals,,Morocco,Portugal,-0.20576,0,0.148612,-0.028184,-0.308396,-0.186576
2022-12-10,2022,England,France,1,2,goals,,France,France,-0.057331,1,-0.000997,-0.134157,0.006651,-0.075762
2022-12-13,2022,Argentina,Croatia,3,0,goals,,Argentina,Argentina,0.221503,1,0.287524,0.089714,-0.067456,0.334792
2022-12-14,2022,France,Morocco,2,0,goals,,France,France,0.264039,1,0.070238,-0.075736,0.35357,0.25903
2022-12-17,2022,Croatia,Morocco,2,1,goals,,Croatia,Croatia,0.112547,1,-0.264683,-0.066436,0.294439,0.065081
2022-12-18,2022,Argentina,France,3,3,penalties,Argentina,Argentina,Argentina,0.025105,1,-0.047397,0.099014,-0.126588,0.075762
